[{"model": "admin.logentry", "pk": 1, "fields": {"action_time": "2023-08-20T22:19:18.962Z", "user": 1, "content_type": 8, "object_id": "1", "object_repr": "Руки бы им всем оторвать", "action_flag": 1, "change_message": "[{\"added\": {}}]"}}, {"model": "admin.logentry", "pk": 2, "fields": {"action_time": "2023-08-20T22:20:25.045Z", "user": 1, "content_type": 8, "object_id": "1", "object_repr": "Руки бы им всем оторвать", "action_flag": 2, "change_message": "[{\"changed\": {\"fields\": [\"\\u0410\\u043a\\u0442\\u0438\\u0432\\u0435\\u043d\"]}}]"}}, {"model": "admin.logentry", "pk": 3, "fields": {"action_time": "2023-08-20T22:32:21.790Z", "user": 1, "content_type": 8, "object_id": "2", "object_repr": "Не с кем играть. Играю со стенкой", "action_flag": 1, "change_message": "[{\"added\": {}}]"}}, {"model": "admin.logentry", "pk": 4, "fields": {"action_time": "2023-08-20T22:33:01.551Z", "user": 1, "content_type": 8, "object_id": "3", "object_repr": "...но спи/СМИ спокойно", "action_flag": 1, "change_message": "[{\"added\": {}}]"}}, {"model": "admin.logentry", "pk": 5, "fields": {"action_time": "2023-08-20T23:04:03.189Z", "user": 1, "content_type": 8, "object_id": "1", "object_repr": "Руки бы им всем оторвать", "action_flag": 2, "change_message": "[{\"changed\": {\"fields\": [\"\\u041e\\u043f\\u0438\\u0441\\u0430\\u043d\\u0438\\u0435\"]}}]"}}, {"model": "admin.logentry", "pk": 6, "fields": {"action_time": "2023-08-21T10:41:23.911Z", "user": 1, "content_type": 8, "object_id": "1", "object_repr": "Руки бы им всем оторвать", "action_flag": 2, "change_message": "[{\"changed\": {\"fields\": [\"\\u0410\\u0434\\u0440\\u0435\\u0441 \\u043d\\u0430\\u0447\\u0430\\u043b\\u0430\"]}}]"}}, {"model": "admin.logentry", "pk": 7, "fields": {"action_time": "2023-08-21T10:43:54.943Z", "user": 1, "content_type": 8, "object_id": "1", "object_repr": "Руки бы им всем оторвать", "action_flag": 2, "change_message": "[{\"changed\": {\"fields\": [\"\\u0410\\u0434\\u0440\\u0435\\u0441 \\u043d\\u0430\\u0447\\u0430\\u043b\\u0430\"]}}]"}}, {"model": "admin.logentry", "pk": 8, "fields": {"action_time": "2023-08-21T10:54:30.479Z", "user": 1, "content_type": 8, "object_id": "1", "object_repr": "Руки бы им всем оторвать", "action_flag": 2, "change_message": "[{\"changed\": {\"fields\": [\"\\u0410\\u0434\\u0440\\u0435\\u0441 \\u043d\\u0430\\u0447\\u0430\\u043b\\u0430\"]}}]"}}, {"model": "admin.logentry", "pk": 9, "fields": {"action_time": "2023-08-21T10:56:29.775Z", "user": 1, "content_type": 8, "object_id": "1", "object_repr": "Руки бы им всем оторвать", "action_flag": 2, "change_message": "[{\"changed\": {\"fields\": [\"\\u041e\\u043f\\u0438\\u0441\\u0430\\u043d\\u0438\\u0435\"]}}]"}}, {"model": "admin.logentry", "pk": 10, "fields": {"action_time": "2023-08-21T23:52:52.459Z", "user": 1, "content_type": 9, "object_id": "1", "object_repr": "Текст: 1...", "action_flag": 1, "change_message": "[{\"added\": {}}]"}}, {"model": "admin.logentry", "pk": 11, "fields": {"action_time": "2023-08-21T23:53:12.523Z", "user": 1, "content_type": 9, "object_id": "2", "object_repr": "Текст: 2...", "action_flag": 1, "change_message": "[{\"added\": {}}]"}}, {"model": "admin.logentry", "pk": 12, "fields": {"action_time": "2023-08-21T23:53:18.569Z", "user": 1, "content_type": 9, "object_id": "3", "object_repr": "Текст: 3...", "action_flag": 1, "change_message": "[{\"added\": {}}]"}}, {"model": "admin.logentry", "pk": 13, "fields": {"action_time": "2023-08-21T23:53:24.879Z", "user": 1, "content_type": 7, "object_id": "1", "object_repr": "Объект 1", "action_flag": 1, "change_message": "[{\"added\": {}}, {\"added\": {\"name\": \"object step\", \"object\": \"1...\"}}, {\"added\": {\"name\": \"object step\", \"object\": \"2...\"}}, {\"added\": {\"name\": \"object step\", \"object\": \"3...\"}}]"}}, {"model": "admin.logentry", "pk": 14, "fields": {"action_time": "2023-08-22T00:44:03.337Z", "user": 1, "content_type": 7, "object_id": "2", "object_repr": "Объект 2", "action_flag": 1, "change_message": "[{\"added\": {}}, {\"added\": {\"name\": \"object step\", \"object\": \"3...\"}}, {\"added\": {\"name\": \"object step\", \"object\": \"2...\"}}, {\"added\": {\"name\": \"object step\", \"object\": \"1...\"}}]"}}, {"model": "admin.logentry", "pk": 15, "fields": {"action_time": "2023-08-22T00:44:52.118Z", "user": 1, "content_type": 8, "object_id": "1", "object_repr": "Руки бы им всем оторвать", "action_flag": 2, "change_message": "[{\"added\": {\"name\": \"route object\", \"object\": \"\\u041e\\u0431\\u044a\\u0435\\u043a\\u0442 1\"}}, {\"added\": {\"name\": \"route object\", \"object\": \"\\u041e\\u0431\\u044a\\u0435\\u043a\\u0442 2\"}}]"}}, {"model": "admin.logentry", "pk": 16, "fields": {"action_time": "2023-08-22T01:26:55.121Z", "user": 1, "content_type": 7, "object_id": "3", "object_repr": "Объект 3", "action_flag": 1, "change_message": "[{\"added\": {}}]"}}, {"model": "admin.logentry", "pk": 17, "fields": {"action_time": "2023-08-22T01:26:58.935Z", "user": 1, "content_type": 8, "object_id": "1", "object_repr": "Руки бы им всем оторвать", "action_flag": 2, "change_message": "[{\"added\": {\"name\": \"route object\", \"object\": \"\\u041e\\u0431\\u044a\\u0435\\u043a\\u0442 3\"}}]"}}, {"model": "admin.logentry", "pk": 18, "fields": {"action_time": "2023-08-22T01:28:25.682Z", "user": 1, "content_type": 8, "object_id": "1", "object_repr": "Руки бы им всем оторвать", "action_flag": 2, "change_message": "[{\"changed\": {\"name\": \"route object\", \"object\": \"\\u041e\\u0431\\u044a\\u0435\\u043a\\u0442 1\", \"fields\": [\"\\u041f\\u0440\\u0438\\u043e\\u0440\\u0438\\u0442\\u0435\\u0442 \\u043e\\u0431\\u044a\\u0435\\u043a\\u0442\\u0430\"]}}]"}}, {"model": "admin.logentry", "pk": 19, "fields": {"action_time": "2023-08-22T01:29:44.167Z", "user": 1, "content_type": 7, "object_id": "1", "object_repr": "Объект 1", "action_flag": 2, "change_message": "[{\"changed\": {\"fields\": [\"\\u0410\\u043a\\u0442\\u0438\\u0432\\u0435\\u043d\"]}}]"}}, {"model": "admin.logentry", "pk": 20, "fields": {"action_time": "2023-08-22T01:29:51.202Z", "user": 1, "content_type": 7, "object_id": "3", "object_repr": "Объект 3", "action_flag": 2, "change_message": "[{\"changed\": {\"fields\": [\"\\u0410\\u043a\\u0442\\u0438\\u0432\\u0435\\u043d\"]}}]"}}, {"model": "admin.logentry", "pk": 21, "fields": {"action_time": "2023-08-22T01:30:00.197Z", "user": 1, "content_type": 7, "object_id": "2", "object_repr": "Объект 2", "action_flag": 2, "change_message": "[{\"changed\": {\"fields\": [\"\\u0410\\u043a\\u0442\\u0438\\u0432\\u0435\\u043d\"]}}]"}}, {"model": "admin.logentry", "pk": 22, "fields": {"action_time": "2023-08-22T01:30:56.101Z", "user": 1, "content_type": 7, "object_id": "1", "object_repr": "Объект 1", "action_flag": 2, "change_message": "[{\"changed\": {\"fields\": [\"\\u0410\\u043a\\u0442\\u0438\\u0432\\u0435\\u043d\"]}}]"}}, {"model": "admin.logentry", "pk": 23, "fields": {"action_time": "2023-08-22T01:35:02.402Z", "user": 1, "content_type": 7, "object_id": "1", "object_repr": "Объект 1", "action_flag": 2, "change_message": "[{\"changed\": {\"fields\": [\"\\u0410\\u043a\\u0442\\u0438\\u0432\\u0435\\u043d\"]}}]"}}, {"model": "admin.logentry", "pk": 24, "fields": {"action_time": "2023-08-22T01:37:51.232Z", "user": 1, "content_type": 9, "object_id": "4", "object_repr": "Текст: aaa...", "action_flag": 1, "change_message": "[{\"added\": {}}]"}}, {"model": "admin.logentry", "pk": 25, "fields": {"action_time": "2023-08-22T01:37:59.332Z", "user": 1, "content_type": 7, "object_id": "3", "object_repr": "Объект 3", "action_flag": 2, "change_message": "[{\"added\": {\"name\": \"object step\", \"object\": \"aaa...\"}}]"}}, {"model": "admin.logentry", "pk": 26, "fields": {"action_time": "2023-08-22T01:50:39.244Z", "user": 1, "content_type": 7, "object_id": "2", "object_repr": "Объект 2", "action_flag": 2, "change_message": "[{\"changed\": {\"fields\": [\"\\u0410\\u043a\\u0442\\u0438\\u0432\\u0435\\u043d\"]}}]"}}, {"model": "admin.logentry", "pk": 27, "fields": {"action_time": "2023-08-22T02:05:52.718Z", "user": 1, "content_type": 7, "object_id": "3", "object_repr": "Объект 3", "action_flag": 2, "change_message": "[{\"changed\": {\"fields\": [\"\\u0410\\u043a\\u0442\\u0438\\u0432\\u0435\\u043d\"]}}]"}}, {"model": "admin.logentry", "pk": 28, "fields": {"action_time": "2023-08-22T02:06:18.774Z", "user": 1, "content_type": 9, "object_id": "1", "object_repr": "Текст: Текст 1...", "action_flag": 2, "change_message": "[{\"changed\": {\"fields\": [\"\\u0422\\u0435\\u043a\\u0441\\u0442\\u043e\\u0432\\u043e\\u0435 \\u0441\\u043e\\u0434\\u0435\\u0440\\u0436\\u0438\\u043c\\u043e\\u0435\"]}}]"}}, {"model": "admin.logentry", "pk": 29, "fields": {"action_time": "2023-08-22T02:06:22.464Z", "user": 1, "content_type": 9, "object_id": "2", "object_repr": "Текст: Текст 1...", "action_flag": 2, "change_message": "[{\"changed\": {\"fields\": [\"\\u0422\\u0435\\u043a\\u0441\\u0442\\u043e\\u0432\\u043e\\u0435 \\u0441\\u043e\\u0434\\u0435\\u0440\\u0436\\u0438\\u043c\\u043e\\u0435\"]}}]"}}, {"model": "admin.logentry", "pk": 30, "fields": {"action_time": "2023-08-22T02:06:28.157Z", "user": 1, "content_type": 9, "object_id": "3", "object_repr": "Текст: Текст 3...", "action_flag": 2, "change_message": "[{\"changed\": {\"fields\": [\"\\u0422\\u0435\\u043a\\u0441\\u0442\\u043e\\u0432\\u043e\\u0435 \\u0441\\u043e\\u0434\\u0435\\u0440\\u0436\\u0438\\u043c\\u043e\\u0435\"]}}]"}}, {"model": "admin.logentry", "pk": 31, "fields": {"action_time": "2023-08-22T02:06:31.789Z", "user": 1, "content_type": 9, "object_id": "2", "object_repr": "Текст: Текст 2...", "action_flag": 2, "change_message": "[{\"changed\": {\"fields\": [\"\\u0422\\u0435\\u043a\\u0441\\u0442\\u043e\\u0432\\u043e\\u0435 \\u0441\\u043e\\u0434\\u0435\\u0440\\u0436\\u0438\\u043c\\u043e\\u0435\"]}}]"}}, {"model": "admin.logentry", "pk": 32, "fields": {"action_time": "2023-08-22T02:24:03.443Z", "user": 1, "content_type": 9, "object_id": "5", "object_repr": "Рефлексия: Рефлексия 1...", "action_flag": 1, "change_message": "[{\"added\": {}}]"}}, {"model": "admin.logentry", "pk": 33, "fields": {"action_time": "2023-08-22T02:24:31.628Z", "user": 1, "content_type": 7, "object_id": "1", "object_repr": "Объект 1", "action_flag": 2, "change_message": "[{\"added\": {\"name\": \"object step\", \"object\": \"\\u0420\\u0435\\u0444\\u043b\\u0435\\u043a\\u0441\\u0438\\u044f 1...\"}}, {\"added\": {\"name\": \"object step\", \"object\": \"\\u0422\\u0435\\u043a\\u0441\\u0442 3...\"}}, {\"added\": {\"name\": \"object step\", \"object\": \"\\u0422\\u0435\\u043a\\u0441\\u0442 2...\"}}, {\"added\": {\"name\": \"object step\", \"object\": \"\\u0422\\u0435\\u043a\\u0441\\u0442 1...\"}}]"}}, {"model": "admin.logentry", "pk": 34, "fields": {"action_time": "2023-08-22T02:30:00.475Z", "user": 1, "content_type": 9, "object_id": "6", "object_repr": "Фото: photos/Объект_5_Ночь.jpg", "action_flag": 1, "change_message": "[{\"added\": {}}]"}}, {"model": "admin.logentry", "pk": 35, "fields": {"action_time": "2023-08-22T02:30:16.892Z", "user": 1, "content_type": 9, "object_id": "7", "object_repr": "Кнопки: Да\r\nНет...", "action_flag": 1, "change_message": "[{\"added\": {}}]"}}, {"model": "admin.logentry", "pk": 36, "fields": {"action_time": "2023-08-22T02:30:39.446Z", "user": 1, "content_type": 7, "object_id": "1", "object_repr": "Объект 1", "action_flag": 2, "change_message": "[{\"added\": {\"name\": \"object step\", \"object\": \"photos/\\u041e\\u0431\\u044a\\u0435\\u043a\\u0442_5_\\u041d\\u043e\\u0447\\u044c.jpg\"}}, {\"added\": {\"name\": \"object step\", \"object\": \"\\u0414\\u0430\\r\\n\\u041d\\u0435\\u0442...\"}}]"}}, {"model": "admin.logentry", "pk": 37, "fields": {"action_time": "2023-08-22T02:32:10.923Z", "user": 1, "content_type": 8, "object_id": "2", "object_repr": "Не с кем играть. Играю со стенкой", "action_flag": 2, "change_message": "[{\"changed\": {\"fields\": [\"\\u0410\\u043a\\u0442\\u0438\\u0432\\u0435\\u043d\"]}}]"}}, {"model": "admin.logentry", "pk": 38, "fields": {"action_time": "2023-08-22T02:32:20.426Z", "user": 1, "content_type": 8, "object_id": "2", "object_repr": "Не с кем играть. Играю со стенкой", "action_flag": 2, "change_message": "[{\"changed\": {\"fields\": [\"\\u0410\\u043a\\u0442\\u0438\\u0432\\u0435\\u043d\"]}}]"}}, {"model": "admin.logentry", "pk": 39, "fields": {"action_time": "2023-08-22T02:41:45.071Z", "user": 1, "content_type": 8, "object_id": "2", "object_repr": "Не с кем играть. Играю со стенкой", "action_flag": 2, "change_message": "[{\"added\": {\"name\": \"route object\", \"object\": \"\\u041e\\u0431\\u044a\\u0435\\u043a\\u0442 3\"}}]"}}, {"model": "admin.logentry", "pk": 40, "fields": {"action_time": "2023-08-22T02:42:13.637Z", "user": 1, "content_type": 7, "object_id": "3", "object_repr": "Объект 3", "action_flag": 2, "change_message": "[{\"changed\": {\"fields\": [\"\\u0410\\u043a\\u0442\\u0438\\u0432\\u0435\\u043d\"]}}]"}}, {"model": "admin.logentry", "pk": 41, "fields": {"action_time": "2023-08-22T02:42:15.409Z", "user": 1, "content_type": 8, "object_id": "2", "object_repr": "Не с кем играть. Играю со стенкой", "action_flag": 2, "change_message": "[]"}}, {"model": "admin.logentry", "pk": 42, "fields": {"action_time": "2023-08-22T02:44:29.643Z", "user": 1, "content_type": 9, "object_id": "4", "object_repr": "Фото: photos/Объект_3_Има.jpg", "action_flag": 2, "change_message": "[{\"changed\": {\"fields\": [\"\\u0422\\u0438\\u043f \\u0448\\u0430\\u0433\\u0430\", \"\\u0424\\u043e\\u0442\\u043e\\u0433\\u0440\\u0430\\u0444\\u0438\\u044f\"]}}]"}}, {"model": "admin.logentry", "pk": 43, "fields": {"action_time": "2023-08-22T02:58:44.227Z", "user": 1, "content_type": 9, "object_id": "8", "object_repr": "Текст: Привет...", "action_flag": 1, "change_message": "[{\"added\": {}}]"}}, {"model": "admin.logentry", "pk": 44, "fields": {"action_time": "2023-08-22T02:58:49.154Z", "user": 1, "content_type": 7, "object_id": "4", "object_repr": "Вступление", "action_flag": 1, "change_message": "[{\"added\": {}}, {\"added\": {\"name\": \"object step\", \"object\": \"\\u041f\\u0440\\u0438\\u0432\\u0435\\u0442...\"}}]"}}, {"model": "admin.logentry", "pk": 45, "fields": {"action_time": "2023-08-22T02:59:22.761Z", "user": 1, "content_type": 9, "object_id": "9", "object_repr": "Текст: Пока...", "action_flag": 1, "change_message": "[{\"added\": {}}]"}}, {"model": "admin.logentry", "pk": 46, "fields": {"action_time": "2023-08-22T02:59:29.195Z", "user": 1, "content_type": 7, "object_id": "5", "object_repr": "Прощание", "action_flag": 1, "change_message": "[{\"added\": {}}, {\"added\": {\"name\": \"object step\", \"object\": \"\\u041f\\u043e\\u043a\\u0430...\"}}]"}}, {"model": "admin.logentry", "pk": 47, "fields": {"action_time": "2023-08-22T03:00:23.833Z", "user": 1, "content_type": 8, "object_id": "1", "object_repr": "Руки бы им всем оторвать", "action_flag": 2, "change_message": "[{\"changed\": {\"name\": \"route object\", \"object\": \"\\u0412\\u0441\\u0442\\u0443\\u043f\\u043b\\u0435\\u043d\\u0438\\u0435\", \"fields\": [\"\\u041e\\u0431\\u044a\\u0435\\u043a\\u0442\"]}}, {\"changed\": {\"name\": \"route object\", \"object\": \"\\u041f\\u0440\\u043e\\u0449\\u0430\\u043d\\u0438\\u0435\", \"fields\": [\"\\u041e\\u0431\\u044a\\u0435\\u043a\\u0442\"]}}, {\"deleted\": {\"name\": \"route object\", \"object\": \"\\u041e\\u0431\\u044a\\u0435\\u043a\\u0442 1\"}}]"}}, {"model": "admin.logentry", "pk": 48, "fields": {"action_time": "2023-08-22T03:00:35.945Z", "user": 1, "content_type": 8, "object_id": "2", "object_repr": "Не с кем играть. Играю со стенкой", "action_flag": 2, "change_message": "[{\"added\": {\"name\": \"route object\", \"object\": \"\\u041f\\u0440\\u043e\\u0449\\u0430\\u043d\\u0438\\u0435\"}}, {\"changed\": {\"name\": \"route object\", \"object\": \"\\u0412\\u0441\\u0442\\u0443\\u043f\\u043b\\u0435\\u043d\\u0438\\u0435\", \"fields\": [\"\\u041e\\u0431\\u044a\\u0435\\u043a\\u0442\"]}}]"}}, {"model": "admin.logentry", "pk": 49, "fields": {"action_time": "2023-08-22T03:00:49.269Z", "user": 1, "content_type": 8, "object_id": "3", "object_repr": "...но спи/СМИ спокойно", "action_flag": 2, "change_message": "[{\"added\": {\"name\": \"route object\", \"object\": \"\\u0412\\u0441\\u0442\\u0443\\u043f\\u043b\\u0435\\u043d\\u0438\\u0435\"}}, {\"added\": {\"name\": \"route object\", \"object\": \"\\u041f\\u0440\\u043e\\u0449\\u0430\\u043d\\u0438\\u0435\"}}]"}}, {"model": "admin.logentry", "pk": 50, "fields": {"action_time": "2023-08-22T03:00:53.572Z", "user": 1, "content_type": 8, "object_id": "1", "object_repr": "Руки бы им всем оторвать", "action_flag": 2, "change_message": "[]"}}, {"model": "auth.permission", "pk": 1, "fields": {"name": "Can add log entry", "content_type": 1, "codename": "add_logentry"}}, {"model": "auth.permission", "pk": 2, "fields": {"name": "Can change log entry", "content_type": 1, "codename": "change_logentry"}}, {"model": "auth.permission", "pk": 3, "fields": {"name": "Can delete log entry", "content_type": 1, "codename": "delete_logentry"}}, {"model": "auth.permission", "pk": 4, "fields": {"name": "Can view log entry", "content_type": 1, "codename": "view_logentry"}}, {"model": "auth.permission", "pk": 5, "fields": {"name": "Can add permission", "content_type": 2, "codename": "add_permission"}}, {"model": "auth.permission", "pk": 6, "fields": {"name": "Can change permission", "content_type": 2, "codename": "change_permission"}}, {"model": "auth.permission", "pk": 7, "fields": {"name": "Can delete permission", "content_type": 2, "codename": "delete_permission"}}, {"model": "auth.permission", "pk": 8, "fields": {"name": "Can view permission", "content_type": 2, "codename": "view_permission"}}, {"model": "auth.permission", "pk": 9, "fields": {"name": "Can add group", "content_type": 3, "codename": "add_group"}}, {"model": "auth.permission", "pk": 10, "fields": {"name": "Can change group", "content_type": 3, "codename": "change_group"}}, {"model": "auth.permission", "pk": 11, "fields": {"name": "Can delete group", "content_type": 3, "codename": "delete_group"}}, {"model": "auth.permission", "pk": 12, "fields": {"name": "Can view group", "content_type": 3, "codename": "view_group"}}, {"model": "auth.permission", "pk": 13, "fields": {"name": "Can add user", "content_type": 4, "codename": "add_user"}}, {"model": "auth.permission", "pk": 14, "fields": {"name": "Can change user", "content_type": 4, "codename": "change_user"}}, {"model": "auth.permission", "pk": 15, "fields": {"name": "Can delete user", "content_type": 4, "codename": "delete_user"}}, {"model": "auth.permission", "pk": 16, "fields": {"name": "Can view user", "content_type": 4, "codename": "view_user"}}, {"model": "auth.permission", "pk": 17, "fields": {"name": "Can add content type", "content_type": 5, "codename": "add_contenttype"}}, {"model": "auth.permission", "pk": 18, "fields": {"name": "Can change content type", "content_type": 5, "codename": "change_contenttype"}}, {"model": "auth.permission", "pk": 19, "fields": {"name": "Can delete content type", "content_type": 5, "codename": "delete_contenttype"}}, {"model": "auth.permission", "pk": 20, "fields": {"name": "Can view content type", "content_type": 5, "codename": "view_contenttype"}}, {"model": "auth.permission", "pk": 21, "fields": {"name": "Can add session", "content_type": 6, "codename": "add_session"}}, {"model": "auth.permission", "pk": 22, "fields": {"name": "Can change session", "content_type": 6, "codename": "change_session"}}, {"model": "auth.permission", "pk": 23, "fields": {"name": "Can delete session", "content_type": 6, "codename": "delete_session"}}, {"model": "auth.permission", "pk": 24, "fields": {"name": "Can view session", "content_type": 6, "codename": "view_session"}}, {"model": "auth.permission", "pk": 25, "fields": {"name": "Can add Объект", "content_type": 7, "codename": "add_object"}}, {"model": "auth.permission", "pk": 26, "fields": {"name": "Can change Объект", "content_type": 7, "codename": "change_object"}}, {"model": "auth.permission", "pk": 27, "fields": {"name": "Can delete Объект", "content_type": 7, "codename": "delete_object"}}, {"model": "auth.permission", "pk": 28, "fields": {"name": "Can view Объект", "content_type": 7, "codename": "view_object"}}, {"model": "auth.permission", "pk": 29, "fields": {"name": "Can add Маршрут", "content_type": 8, "codename": "add_route"}}, {"model": "auth.permission", "pk": 30, "fields": {"name": "Can change Маршрут", "content_type": 8, "codename": "change_route"}}, {"model": "auth.permission", "pk": 31, "fields": {"name": "Can delete Маршрут", "content_type": 8, "codename": "delete_route"}}, {"model": "auth.permission", "pk": 32, "fields": {"name": "Can view Маршрут", "content_type": 8, "codename": "view_route"}}, {"model": "auth.permission", "pk": 33, "fields": {"name": "Can add Шаг", "content_type": 9, "codename": "add_step"}}, {"model": "auth.permission", "pk": 34, "fields": {"name": "Can change Шаг", "content_type": 9, "codename": "change_step"}}, {"model": "auth.permission", "pk": 35, "fields": {"name": "Can delete Шаг", "content_type": 9, "codename": "delete_step"}}, {"model": "auth.permission", "pk": 36, "fields": {"name": "Can view Шаг", "content_type": 9, "codename": "view_step"}}, {"model": "auth.permission", "pk": 37, "fields": {"name": "Can add user", "content_type": 10, "codename": "add_user"}}, {"model": "auth.permission", "pk": 38, "fields": {"name": "Can change user", "content_type": 10, "codename": "change_user"}}, {"model": "auth.permission", "pk": 39, "fields": {"name": "Can delete user", "content_type": 10, "codename": "delete_user"}}, {"model": "auth.permission", "pk": 40, "fields": {"name": "Can view user", "content_type": 10, "codename": "view_user"}}, {"model": "auth.permission", "pk": 41, "fields": {"name": "Can add route object", "content_type": 11, "codename": "add_routeobject"}}, {"model": "auth.permission", "pk": 42, "fields": {"name": "Can change route object", "content_type": 11, "codename": "change_routeobject"}}, {"model": "auth.permission", "pk": 43, "fields": {"name": "Can delete route object", "content_type": 11, "codename": "delete_routeobject"}}, {"model": "auth.permission", "pk": 44, "fields": {"name": "Can view route object", "content_type": 11, "codename": "view_routeobject"}}, {"model": "auth.permission", "pk": 45, "fields": {"name": "Can add reflection", "content_type": 12, "codename": "add_reflection"}}, {"model": "auth.permission", "pk": 46, "fields": {"name": "Can change reflection", "content_type": 12, "codename": "change_reflection"}}, {"model": "auth.permission", "pk": 47, "fields": {"name": "Can delete reflection", "content_type": 12, "codename": "delete_reflection"}}, {"model": "auth.permission", "pk": 48, "fields": {"name": "Can view reflection", "content_type": 12, "codename": "view_reflection"}}, {"model": "auth.permission", "pk": 49, "fields": {"name": "Can add progress", "content_type": 13, "codename": "add_progress"}}, {"model": "auth.permission", "pk": 50, "fields": {"name": "Can change progress", "content_type": 13, "codename": "change_progress"}}, {"model": "auth.permission", "pk": 51, "fields": {"name": "Can delete progress", "content_type": 13, "codename": "delete_progress"}}, {"model": "auth.permission", "pk": 52, "fields": {"name": "Can view progress", "content_type": 13, "codename": "view_progress"}}, {"model": "auth.permission", "pk": 53, "fields": {"name": "Can add object step", "content_type": 14, "codename": "add_objectstep"}}, {"model": "auth.permission", "pk": 54, "fields": {"name": "Can change object step", "content_type": 14, "codename": "change_objectstep"}}, {"model": "auth.permission", "pk": 55, "fields": {"name": "Can delete object step", "content_type": 14, "codename": "delete_objectstep"}}, {"model": "auth.permission", "pk": 56, "fields": {"name": "Can view object step", "content_type": 14, "codename": "view_objectstep"}}, {"model": "auth.user", "pk": 1, "fields": {"password": "pbkdf2_sha256$260000$9E7DLmXTa7Qh64NrO8Vqyp$3Cuq8csSp//7NkzfOj3wtB/6ntC7xD58uVRGrODTJMw=", "last_login": "2023-08-20T22:18:44.936Z", "is_superuser": true, "username": "admin", "first_name": "", "last_name": "", "email": "", "is_staff": true, "is_active": true, "date_joined": "2023-08-20T22:18:36.223Z", "groups": [], "user_permissions": []}}, {"model": "contenttypes.contenttype", "pk": 1, "fields": {"app_label": "admin", "model": "logentry"}}, {"model": "contenttypes.contenttype", "pk": 2, "fields": {"app_label": "auth", "model": "permission"}}, {"model": "contenttypes.contenttype", "pk": 3, "fields": {"app_label": "auth", "model": "group"}}, {"model": "contenttypes.contenttype", "pk": 4, "fields": {"app_label": "auth", "model": "user"}}, {"model": "contenttypes.contenttype", "pk": 5, "fields": {"app_label": "contenttypes", "model": "contenttype"}}, {"model": "contenttypes.contenttype", "pk": 6, "fields": {"app_label": "sessions", "model": "session"}}, {"model": "contenttypes.contenttype", "pk": 7, "fields": {"app_label": "culture", "model": "object"}}, {"model": "contenttypes.contenttype", "pk": 8, "fields": {"app_label": "culture", "model": "route"}}, {"model": "contenttypes.contenttype", "pk": 9, "fields": {"app_label": "culture", "model": "step"}}, {"model": "contenttypes.contenttype", "pk": 10, "fields": {"app_label": "culture", "model": "user"}}, {"model": "contenttypes.contenttype", "pk": 11, "fields": {"app_label": "culture", "model": "routeobject"}}, {"model": "contenttypes.contenttype", "pk": 12, "fields": {"app_label": "culture", "model": "reflection"}}, {"model": "contenttypes.contenttype", "pk": 13, "fields": {"app_label": "culture", "model": "progress"}}, {"model": "contenttypes.contenttype", "pk": 14, "fields": {"app_label": "culture", "model": "objectstep"}}, {"model": "sessions.session", "pk": "4awdmurrhc9mrrd9blqnr2fbg30gp66y", "fields": {"session_data": ".eJxVjDsOwjAQRO_iGln-O6Gkzxksr3eNA8iR4qRC3B1HSgGa7s2bebMQ962EvdEaZmRXJtnll0FMT6pHgY9Y7wtPS93WGfih8LNtfFqQXrfT_TsosZW-VhkQQYHWkrQTMhsjpO3Mk7EEwoKLeoTBek06IdqePIxKSeed8sg-X_LvN_k:1qXqku:AutwsCk1obwxblBd6uCnzEIN53E6PmvegbHRZgBZr8c", "expire_date": "2023-09-03T22:18:44.938Z"}}, {"model": "culture.route", "pk": 1, "fields": {"name": "Руки бы им всем оторвать", "photo": "photos/Обложка_маршрут_1_JG2PYsv.jpg", "description": "Тема этого маршрута — тэги. Вспомним известную цитату с работы уличного художника Максима Има: <i>«Граффити — это когда нарисовал и твои пацаны поняли. Стрит-арт — это когда нарисовал и все люди поняли, а твои пацаны вообще не поняли».</i>\r\n\r\nРечь пойдёт о граффити, тегах и о том, почему их так много в городе. Во время прогулки мы разберёмся, какую цель преследуют граффити-райтеры, из чего состоят из работы, и почему люди считают их вандализмом.", "address": "Художественная галерея «Ростов», пер. Соборный, 22", "is_active": true}}, {"model": "culture.route", "pk": 2, "fields": {"name": "Не с кем играть. Играю со стенкой", "photo": "photos/Обложка_маршрут_2.jpg", "description": "В последнее время в Ростове набирает обороты искусство уличной волны. Конечно, почти весь год — тепло, бываю зимы без снега, а синих заборов и трансформаторных будок — пруд пруди. Но важно помнить, что помимо замечательных фестивальных инициатив, стрит-арт рождается под покровом ночи и совершенно незаконным образом… Балансируя на качелях между законным и “трушным” уличным, мы всмотримся в технические детали работ, созданных авторами за последние несколько лет в Ростове и попадём в одно секретное, но известное среди граффитчиков место!", "address": "ул. Темерницкая, 50", "is_active": true}}, {"model": "culture.route", "pk": 3, "fields": {"name": "...но спи/СМИ спокойно", "photo": "photos/Обложка_маршрут_3.jpg", "description": "Маршрут посвящён вопросам разрушения и сохранения исторической памяти. Вместе с участниками медиации поговорим о том, как с эстетической точки зрения можно сохранить ауру даже у руин. О том, как неизбежно или намеренно рассыпается историческая память фасадов Старого Ростове. Поднимаясь от Парамоновских складов и проходя эклектичную малоэтажную застройку, посетители медиации увидят наглядное изменение архитектурных ритмов, и историю их угасания с созданными по “горячим следам” работам уличных художников.", "address": "смотровая площадка напротив памятника Г. Я. Седову, ул. Нижнебульварная, 14", "is_active": true}}, {"model": "culture.object", "pk": 1, "fields": {"name": "Объект 1", "author": null, "address": "1", "how_to_get": "", "is_active": true}}, {"model": "culture.object", "pk": 2, "fields": {"name": "Объект 2", "author": null, "address": "1", "how_to_get": "", "is_active": false}}, {"model": "culture.object", "pk": 3, "fields": {"name": "Объект 3", "author": null, "address": "1", "how_to_get": "", "is_active": true}}, {"model": "culture.object", "pk": 4, "fields": {"name": "Вступление", "author": null, "address": "-", "how_to_get": "", "is_active": true}}, {"model": "culture.object", "pk": 5, "fields": {"name": "Прощание", "author": null, "address": "-", "how_to_get": "", "is_active": true}}, {"model": "culture.step", "pk": 1, "fields": {"type": "text", "content": "Текст 1", "photo": "", "delay_after_display": 0}}, {"model": "culture.step", "pk": 2, "fields": {"type": "text", "content": "Текст 2", "photo": "", "delay_after_display": 0}}, {"model": "culture.step", "pk": 3, "fields": {"type": "text", "content": "Текст 3", "photo": "", "delay_after_display": 0}}, {"model": "culture.step", "pk": 4, "fields": {"type": "photo", "content": "aaa", "photo": "photos/Объект_3_Има.jpg", "delay_after_display": 2}}, {"model": "culture.step", "pk": 5, "fields": {"type": "reflection", "content": "Рефлексия 1", "photo": "", "delay_after_display": 0}}, {"model": "culture.step", "pk": 6, "fields": {"type": "photo", "content": "", "photo": "photos/Объект_5_Ночь.jpg", "delay_after_display": 3}}, {"model": "culture.step", "pk": 7, "fields": {"type": "continue_button", "content": "Да\r\nНет", "photo": "", "delay_after_display": 0}}, {"model": "culture.step", "pk": 8, "fields": {"type": "text", "content": "Привет", "photo": "", "delay_after_display": 0}}, {"model": "culture.step", "pk": 9, "fields": {"type": "text", "content": "Пока", "photo": "", "delay_after_display": 0}}, {"model": "culture.routeobject", "pk": 2, "fields": {"route": 1, "object": 4, "object_priority": 20}}, {"model": "culture.routeobject", "pk": 3, "fields": {"route": 1, "object": 5, "object_priority": 30}}, {"model": "culture.routeobject", "pk": 4, "fields": {"route": 2, "object": 4, "object_priority": 1}}, {"model": "culture.routeobject", "pk": 5, "fields": {"route": 2, "object": 5, "object_priority": 2}}, {"model": "culture.routeobject", "pk": 6, "fields": {"route": 3, "object": 4, "object_priority": 1}}, {"model": "culture.routeobject", "pk": 7, "fields": {"route": 3, "object": 5, "object_priority": 100}}, {"model": "culture.objectstep", "pk": 1, "fields": {"object": 1, "step": 1, "step_priority": 10}}, {"model": "culture.objectstep", "pk": 2, "fields": {"object": 1, "step": 2, "step_priority": 20}}, {"model": "culture.objectstep", "pk": 3, "fields": {"object": 1, "step": 3, "step_priority": 30}}, {"model": "culture.objectstep", "pk": 4, "fields": {"object": 2, "step": 3, "step_priority": 10}}, {"model": "culture.objectstep", "pk": 5, "fields": {"object": 2, "step": 2, "step_priority": 20}}, {"model": "culture.objectstep", "pk": 6, "fields": {"object": 2, "step": 1, "step_priority": 30}}, {"model": "culture.objectstep", "pk": 7, "fields": {"object": 3, "step": 4, "step_priority": 1}}, {"model": "culture.objectstep", "pk": 8, "fields": {"object": 1, "step": 5, "step_priority": 40}}, {"model": "culture.objectstep", "pk": 9, "fields": {"object": 1, "step": 3, "step_priority": 50}}, {"model": "culture.objectstep", "pk": 10, "fields": {"object": 1, "step": 2, "step_priority": 60}}, {"model": "culture.objectstep", "pk": 11, "fields": {"object": 1, "step": 1, "step_priority": 70}}, {"model": "culture.objectstep", "pk": 12, "fields": {"object": 1, "step": 6, "step_priority": 80}}, {"model": "culture.objectstep", "pk": 13, "fields": {"object": 1, "step": 7, "step_priority": 90}}, {"model": "culture.objectstep", "pk": 14, "fields": {"object": 4, "step": 8, "step_priority": 1}}, {"model": "culture.objectstep", "pk": 15, "fields": {"object": 5, "step": 9, "step_priority": 1}}, {"model": "culture.user", "pk": 329013111, "fields": {"name": "Александр", "age": 35}}]