[{"model": "culture.route", "pk": 1, "fields": {"name": "Руки бы им всем оторвать", "photo": "photos/М1_обложка.jpg", "description": "Тема этого маршрута — тэги. Вспомним известную цитату с работы уличного художника Максима Има: <i>«Граффити — это когда нарисовал и твои пацаны поняли. Стрит-арт — это когда нарисовал и все люди поняли, а твои пацаны вообще не поняли».</i>\r\n\r\nРечь пойдёт о граффити, тегах и о том, почему их так много в городе. Во время прогулки мы разберёмся, какую цель преследуют граффити-райтеры, из чего состоят из работы, и почему люди считают их вандализмом.", "address": "Художественная галерея «Ростов», пер. Соборный, 22", "is_active": true}}, {"model": "culture.route", "pk": 2, "fields": {"name": "Не с кем играть. Играю со стенкой", "photo": "photos/М2_обложка.jpg", "description": "В последнее время в Ростове набирает обороты искусство уличной волны. Конечно, почти весь год — тепло, бываю зимы без снега, а синих заборов и трансформаторных будок — пруд пруди. Но важно помнить, что помимо замечательных фестивальных инициатив, стрит-арт рождается под покровом ночи и совершенно незаконным образом… Балансируя на качелях между законным и “трушным” уличным, мы всмотримся в технические детали работ, созданных авторами за последние несколько лет в Ростове и попадём в одно секретное, но известное среди граффитчиков место!", "address": "ул. Темерницкая, 50", "is_active": true}}, {"model": "culture.stage", "pk": 1, "fields": {"name": "Инструкция по рефлексии", "address": null, "how_to_get": "", "is_active": true}}, {"model": "culture.stage", "pk": 2, "fields": {"name": "Вступление (Руки бы им всем оторвать)", "address": null, "how_to_get": "", "is_active": true}}, {"model": "culture.stage", "pk": 3, "fields": {"name": "Объект 1 Без названия, Алексей Кассета (Руки бы им всем оторвать)", "address": "Художественная галерея «Ростов», пер. Соборный, 22", "how_to_get": "Чтобы найти этот объект, нужно добраться до <a href=\"https://yandex.ru/maps/-/CDQZqT~4\">бизнес-центра «Соборный 22»</a> и подняться на второй этаж. Вам нужна Художественная галерея «Ростов». Код для входа: 1357#.", "is_active": true}}, {"model": "culture.stage", "pk": 4, "fields": {"name": "Объект 2 Эпоха разоренной красоты, Иван Симонов (Руки бы им всем оторвать)", "address": "ул. Социалистическая, 99", "how_to_get": "Остановитесь рядом с <a href=\"https://yandex.ru/maps/-/CDQf445j\">домом</a> номер 86 на ул. Социалистической, посмотрите на небольшой дом напротив. Найдите белеющих «холст» с работой в виде ворот в правой части здания.", "is_active": true}}, {"model": "culture.stage", "pk": 5, "fields": {"name": "Объект 3 Спутник, Иван Симонов (Руки бы им всем оторвать)", "address": "ул. Социалистическая, 100", "how_to_get": "Нужно дойти до <a href=\"https://yandex.ru/maps/-/CDQfeIjT\">парковки</a> между домами 100 и 102 на ул. Социалистическая. Зайдите внутрь парковки, черно-белая фотография расположена на стене на высоте 4-5 метров.", "is_active": true}}, {"model": "culture.stage", "pk": 6, "fields": {"name": "Объект 4 Подорожник, Couple of creators (Руки бы им всем оторвать)", "address": "ул. Социалистическая, 100", "how_to_get": "", "is_active": true}}, {"model": "culture.stage", "pk": 7, "fields": {"name": "Объект 5 Тигр, Антон Сакво (Руки бы им всем оторвать)", "address": "ул. Шаумяна, 108", "how_to_get": "", "is_active": true}}, {"model": "culture.stage", "pk": 8, "fields": {"name": "Объект 6 Хоровод, ХочуБытьСоковым (Руки бы им всем оторвать)", "address": "ул. Шаумяна, 108", "how_to_get": "", "is_active": true}}, {"model": "culture.stage", "pk": 9, "fields": {"name": "Объект 7 Хорошогр, без автора (Руки бы им всем оторвать)", "address": "ул. Шаумяна, 108", "how_to_get": "", "is_active": true}}, {"model": "culture.stage", "pk": 10, "fields": {"name": "Объект 8 Тэг команды AC, AC (Руки бы им всем оторвать)", "address": "ул. Шаумяна, 108", "how_to_get": "", "is_active": true}}, {"model": "culture.stage", "pk": 11, "fields": {"name": "Вступление (Не с кем играть. Играю со стенкой)", "address": null, "how_to_get": "", "is_active": true}}, {"model": "culture.stage", "pk": 12, "fields": {"name": "Объект 1 Наречие, Миша Маркур (Не с кем играть. Играю со стенкой)", "address": "ул. Темерницкая, 61", "how_to_get": "", "is_active": true}}, {"model": "culture.stage", "pk": 13, "fields": {"name": "Объект 2 Без названия, Арт Абстрактов (Не с кем играть. Играю со стенкой)", "address": "ул. Темерницкая, 62", "how_to_get": "", "is_active": true}}, {"model": "culture.stage", "pk": 14, "fields": {"name": "Объект 3 Без названия, Couple of creators (Не с кем играть. Играю со стенкой)", "address": "ул. Московская, 69", "how_to_get": "Вам <a href=\"https://yandex.ru/maps/-/CDQvNQZG\">сюда</a>", "is_active": true}}, {"model": "culture.stage", "pk": 15, "fields": {"name": "Объект 4 Или или, Миша Маркер (Не с кем играть. Играю со стенкой)", "address": "ул. Темерницкая, 66", "how_to_get": "", "is_active": true}}, {"model": "culture.stage", "pk": 16, "fields": {"name": "Объект 5 Квартет, Андрей Youraw (Не с кем играть. Играю со стенкой)", "address": "Бар «Невинность», внутренний двор; ул. Суворова, 12", "how_to_get": "", "is_active": true}}, {"model": "culture.stage", "pk": 17, "fields": {"name": "Объект 6 Без названия, без автора (Не с кем играть. Играю со стенкой)", "address": "пер. Малый, 16", "how_to_get": "Ва нужна парковка, расположенная по адресу: <a href=\"https://yandex.ru/maps/-/CDQvR4of\">пер. Малый, 16</a>", "is_active": true}}, {"model": "culture.step", "pk": 1, "fields": {"type": "text", "content": "В ходе арт-медитации вам  периодически будет предложено порефлексировать о том, что вы видите перед собой. Это важная часть процесса погружения. Пожалуйста, не стесняйтесь выражать свои мысли текстовым или даже голосовым сообщениями.", "photo": "", "delay_after_display": null}}, {"model": "culture.step", "pk": 3, "fields": {"type": "photo", "content": "Наша прогулка будет достаточно протяженной. Чтобы вы могли сориентироваться, предлагаем вам ознакомиться с картой маршрута.", "photo": "photos/М1_карта.jpeg", "delay_after_display": null}}, {"model": "culture.step", "pk": 4, "fields": {"type": "text", "content": "Первый объект, который вам предстоит посетить состоит из двух работ: мозаика авторства Марины Яблонской и граффити руки Алексея Кассеты.", "photo": "", "delay_after_display": null}}, {"model": "culture.step", "pk": 5, "fields": {"type": "text", "content": "Чтобы к нему попасть, нужно войти в бизнес-центр «Соборный 22» и подняться на второй этаж. Код для входа: 1357#.", "photo": "", "delay_after_display": null}}, {"model": "culture.step", "pk": 6, "fields": {"type": "text", "content": "Нажмите кнопку, когда будете на месте.", "photo": "", "delay_after_display": null}}, {"model": "culture.step", "pk": 7, "fields": {"type": "continue_button", "content": "Я на месте!", "photo": "", "delay_after_display": null}}, {"model": "culture.step", "pk": 8, "fields": {"type": "text", "content": "Следующая работа авторства Ивана Симонова, называется «Эпоха разоренной красоты». Она расположена по адресу <a href=\"https://yandex.ru/maps/-/CDQZuZoz\">ул. Социалистическая, 99</a>. Пожалуйста, направляйтесь туда.", "photo": "", "delay_after_display": null}}, {"model": "culture.step", "pk": 9, "fields": {"type": "photo", "content": "А также Вы можете заметить граффити от ростовского художника Алексея Кассеты.", "photo": "photos/М1О1_Алексей_Кассета.jpg", "delay_after_display": null}}, {"model": "culture.step", "pk": 10, "fields": {"type": "reflection", "content": "Предлагаем Вам остановиться перед работой Алексея и внимательно осмотреть элементы, из которых она состоит. Какие формы Вы видите? Какие объекты или предметы можете угадать?", "photo": "", "delay_after_display": null}}, {"model": "culture.step", "pk": 11, "fields": {"type": "text", "content": "Алексей Кассета совмещает несколько визуальных эстетик, оформив вход в галерею «Ростов». С одной стороны, Вы видите обилие ярких геометрических элементов. С другой, узнаются вполне реалистичные объекты, выполненные в черно-белой гамме: хуторской домик, цветок в горшке, автомобиль. Слева внизу Вы можете обнаружить тэг Алексея Кассеты — BASF и год создания работы 22.", "photo": "", "delay_after_display": null}}, {"model": "culture.step", "pk": 12, "fields": {"type": "text", "content": "Вот, что сам Алексей Кассета говорит о своём творчестве: <i>«За последние несколько лет я перешёл от традиционного граффити к более абстрактным работам, стал заменять баллоны на кисти и валики, колеровать краску. Мне стало нравится делать линии и смешивать цвета именно кистями. В будущем планирую полностью отойти от баллонов»</i>", "photo": "", "delay_after_display": null}}, {"model": "culture.step", "pk": 13, "fields": {"type": "reflection", "content": "Знаете ли Вы что такое тэг? Замечали подобные непонятные надписи на улицах города?", "photo": "", "delay_after_display": null}}, {"model": "culture.step", "pk": 14, "fields": {"type": "text", "content": "Придумать и написать свой псевдоним в необычной манере (искривлённые формы, объёмные буквы, напоминающие пузыри – bubble, каллиграфический текст и так далее) – такой феномен в уличной культуре получил название <b><i>тэг</i></b>. Исторически тэги появились благодаря уличному художнику из Нью-Йорка TAKI 183. Taki — вариация настоящего имени художника Dimitros, а 183 — название улицы, на которой он проживал. Так и зародилась традиция совмещать некий шифр в буквах тэга и цифры.", "photo": "", "delay_after_display": null}}, {"model": "culture.step", "pk": 15, "fields": {"type": "reflection", "content": "Вы пройдётесь по улицам, которые с каждым днём все больше и больше обрастают граффити и тэгами. Присмотритесь по пути к их местам появления. Что это за постройки или объекты? Не торопитесь с ответом.", "photo": "", "delay_after_display": null}}, {"model": "culture.step", "pk": 16, "fields": {"type": "text", "content": "Тэги часто располагаются именно на типичных элементах городской инфраструктуры: мусорки, ролл-ставни, заборы, стоковые трубы и обратные стороны дорожных знаков. И именно тэги, по мнению граффитчиков, становятся элементами, которые способны разнообразить серость стен и типичность, одинаковость городской застройки.", "photo": "", "delay_after_display": null}}, {"model": "culture.step", "pk": 17, "fields": {"type": "text", "content": "Удалось найти следующую работу?", "photo": "", "delay_after_display": null}}, {"model": "culture.step", "pk": 18, "fields": {"type": "continue_button", "content": "Да!\r\nА куда идти?", "photo": "", "delay_after_display": null}}, {"model": "culture.step", "pk": 19, "fields": {"type": "photo", "content": "Перед Вами работа Ивана Симонова «Эпоха разорённой красоты», символически расположившаяся на фасаде одноэтажного ветхого здания летом 2022 во время фестиваля «Ничего страшного». Возможно, именно на этом месте могли бы быть настоящие кованные ворота.", "photo": "photos/М1О2_Иван_Симонов.jpg", "delay_after_display": null}}, {"model": "culture.step", "pk": 20, "fields": {"type": "text", "content": "Иван Симонов так прокомментировал процесс создания работы: <i>«Ростов-на-Дону известен своими домами в стиле модерн. Решётки, барельефы, печи погибают без реставрации в пожарах или в результате «ошибки экскаваторщика». За время своего пребывания в Ростове я лично стал свидетелем метаморфоз. Лёгкость и скорость, с которой эти дома уничтожаются, произвела на меня глубокое впечатление. Меньше чем за сутки ковш экскаватора разрушил здание. Пыль и обломки – вот всё, что от него осталось. Этот дом уже никто не увидит из вновь приехавших туристов. Город теряет свой исконный облик, индивидуальность и историческую привлекательность. Им на смену приходят безликие многоэтажные однотипные дома из стекла и бетона или пустыри для парковки»</i>", "photo": "", "delay_after_display": null}}, {"model": "culture.step", "pk": 21, "fields": {"type": "text", "content": "Можете перейти дорогу и приглядеться к надписи над трафаретными воротами, созданной художником. Не торопитесь, рассмотрите работу внимательно. Когда будете готовы, просто нажмите кнопку.", "photo": "", "delay_after_display": null}}, {"model": "culture.step", "pk": 22, "fields": {"type": "continue_button", "content": "Готов двигаться дальше", "photo": "", "delay_after_display": null}}, {"model": "culture.step", "pk": 25, "fields": {"type": "photo", "content": "", "photo": "photos/М1О1_Марина_Яблонская_1.jpg", "delay_after_display": null}}, {"model": "culture.step", "pk": 26, "fields": {"type": "photo", "content": "", "photo": "photos/М1О1_Марина_Яблонская_2.jpg", "delay_after_display": null}}, {"model": "culture.step", "pk": 27, "fields": {"type": "photo", "content": "", "photo": "photos/М1О1_Марина_Яблонская_3.jpg", "delay_after_display": null}}, {"model": "culture.step", "pk": 28, "fields": {"type": "text", "content": "Вы оказались перед художественной галереей «Ростов». В 2022 году вокруг дверного проёма и на близлежащей стене появился стрит-арт и не один. Вместе с волонтёрами Марина Яблонская создала мозаику, запечатлевающую визуальную панораму города с знаковыми архитектурными и скульптурными постройками.", "photo": "", "delay_after_display": null}}, {"model": "culture.step", "pk": 29, "fields": {"type": "text", "content": "На следующую работу «Спутник», авторства Ивана Симонова, можно посмотреть с парковки, расположенной между домами 100 и 102 по ул. Социалистическая.", "photo": "", "delay_after_display": null}}, {"model": "culture.step", "pk": 30, "fields": {"type": "text", "content": "Удалось найти работу?", "photo": "", "delay_after_display": null}}, {"model": "culture.step", "pk": 31, "fields": {"type": "continue_button", "content": "Нашёл\r\nНе могу найти", "photo": "", "delay_after_display": null}}, {"model": "culture.step", "pk": 32, "fields": {"type": "reflection", "content": "Как думаете, как на этой парковке появился человек с собакой? Кто они? Откуда идут?", "photo": "", "delay_after_display": null}}, {"model": "culture.step", "pk": 33, "fields": {"type": "text", "content": "Вот так сам художник рассказывает об истории создания работы «Спутник»: <i>«Эти герои появились у меня в 2017 году, когда я посетил Зеленоградск. Был невероятной силы шторм, меня сносило ветром, а человек вдоль моря выгуливал собаку. Они были спокойны, как будто шторм и ураганный ветер это обыденность. Меня сильно заинтересовал этот образ, он отлично иллюстрирует взаимоотношения человека и животного, их привязанность и преданность друг другу. Они идут вместе не смотря ни на что. В работе сохранена игра масштабов и является продолжением серии <a href=\"https://ivansimonov.com/malenkielydi\">#маленькиелюди</a>. За счёт огромного размера стены персонажи теряются на фоне здания, несмотря на то, что выполнены в размере реального человеческого роста».</i>", "photo": "", "delay_after_display": null}}, {"model": "culture.step", "pk": 34, "fields": {"type": "photo", "content": "На следующую работу «Спутник», авторства Ивана Симонова, можно посмотреть с парковки, расположенной между домами 100 и 102 по ул. Социалистическая.", "photo": "photos/М1О3_Иван_Симонов.jpg", "delay_after_display": null}}, {"model": "culture.step", "pk": 35, "fields": {"type": "text", "content": "Ещё одна работа работа коллектива Couple of creators расположена на этой же парковке,. Обратите внимание на правую стену с пёстрыми цветами и надписью «жизнь всегда происходит сейчас»!", "photo": "", "delay_after_display": null}}, {"model": "culture.step", "pk": 36, "fields": {"type": "continue_button", "content": "Нашёл!", "photo": "", "delay_after_display": null}}, {"model": "culture.step", "pk": 37, "fields": {"type": "photo", "content": "Ещё одна работа работа творческого коллектива Couple of creators расположена на этой же парковке. Обратите внимание на правую стену с пёстрыми цветами и надписью «Жизнь всегда происходит сейчас»!", "photo": "photos/М1О4_Couple_of_creators.jpg", "delay_after_display": null}}, {"model": "culture.step", "pk": 38, "fields": {"type": "reflection", "content": "Вчитайтесь в текст «жизнь всегда происходит сейчас». Какие эмоции он в Вас пробуждает? На какие мысли наталкивает?", "photo": "", "delay_after_display": null}}, {"model": "culture.step", "pk": 39, "fields": {"type": "text", "content": "Художники Couple of creators намеренно создают яркие работы с четко читаемым текстом. Это немного иное направление в отличие от искривлённых тэгов, которые мы находили на улицах ранее. Работа с написанием букв получает название <b><i>райтинг</i></b> в уличной среде. Ваня Make, один из художников тандема Couple of creators, занимается придумыванием способов написания букв, то есть <b><i>леттерингом</i></b>. Юлия JK, вторая половна тандема - отвечает за яркость и объёмность цветов. Художники выбрали именно такую формулировку, чтобы привлечь внимание прохожих к сиюминутности жизни и важности каждого прожитого момента.", "photo": "", "delay_after_display": null}}, {"model": "culture.step", "pk": 40, "fields": {"type": "text", "content": "Нажмите кнопку, чтобы продолжить медитацию.", "photo": "", "delay_after_display": null}}, {"model": "culture.step", "pk": 41, "fields": {"type": "text", "content": "Оглянитесь вокруг парковки! Всего год назад она оголяла большую площадь стен, но сейчас - сильно заросла. Возможно, именно работа «Подорожник» задала тон для быстрого роста растительности вокруг.", "photo": "", "delay_after_display": null}}, {"model": "culture.step", "pk": 42, "fields": {"type": "text", "content": "Чтобы увидеть следующую работу, нужно пройти от парковки сквозь руины в сторону улицы Шаумяна к недавно образовавшемуся <a href=\"https://yandex.ru/maps/-/CDQfyCjL\">пустырю</a>. Ищите огромного тигра, который  будет изображен на правой стене.", "photo": "", "delay_after_display": null}}, {"model": "culture.step", "pk": 43, "fields": {"type": "text", "content": "«Жизнь всегда происходит сейчас» — такая фраза очень характерна для мест, которые внезапно превратились в руины и обрастают новыми смыслами.", "photo": "", "delay_after_display": null}}, {"model": "culture.step", "pk": 44, "fields": {"type": "photo", "content": "Этого милого тигра сделал московский художник Антон Сакво. В работах Антона часто присутствует ирония. Что может быть ироничнее тигра, развалившегося вдоль обрушившегося фасада?", "photo": "photos/М1О5_Антон_Сакво.jpg", "delay_after_display": null}}, {"model": "culture.step", "pk": 45, "fields": {"type": "text", "content": "Сейчас Вы оказались на весьма необычном пустыре, который стал целым <b><i>спотом</i></b>, то есть местом свободного творчества и своеобразного состязания в мастерстве среди граффитчиков. Смотрите, как много тэгов вокруг!", "photo": "", "delay_after_display": 20}}, {"model": "culture.step", "pk": 46, "fields": {"type": "photo", "content": "Часто обрушившиеся здания ещё долго угасают, оставаясь целостными в деталях быта. Например, на этой площадке между ул. Социалистической и Шаумяна можно заметить полку, застеклённое окно и даже кафель с… видите розовых существ?", "photo": "photos/М1О6_ХочуБытьСоковым.jpg", "delay_after_display": null}}, {"model": "culture.step", "pk": 47, "fields": {"type": "continue_button", "content": "Да", "photo": "", "delay_after_display": null}}, {"model": "culture.step", "pk": 48, "fields": {"type": "text", "content": "Эти абстракции на кафеле сделал анонимный творческий коллектив из Челябинска – ХочуБытьСоковым. Работа получила название «Хоровод».\r\n\r\nСложно придумать что-то более непоколебимое, чем железные спортивные снаряды с советских детских площадок. Они пережили взросление каждого ребенка и страны в целом, сохраняя память дворового уюта до сих пор. Исходной точкой для работы «Хоровод» стал один из таких снарядов, найденный во дворах Ростова-на-Дону. Приумноженный, он превратился в орнамент-оберег, перенося свою неприкосновенность на стенку дома, устоявшего от сноса.", "photo": "", "delay_after_display": null}}, {"model": "culture.step", "pk": 49, "fields": {"type": "text", "content": "Руинизированная площадь активно обрастает тэгами и кусками вне деятельности фестиваля. Посмотрите на левую стену с россыпью работ от уличных художников.", "photo": "", "delay_after_display": null}}, {"model": "culture.step", "pk": 50, "fields": {"type": "reflection", "content": "Видите динозавра? Или жёлто-зелёную гусеницу? Как думаете, кто это?", "photo": "", "delay_after_display": null}}, {"model": "culture.step", "pk": 51, "fields": {"type": "photo", "content": "Это очень частый персонаж, то есть керек (от англ. character), авторства ростовского граффитчка. Зовут персонажа Хорошогр и создан он, чтобы поднимать настроение всем вокруг, даже своим именем говоря: «всё будет хорошогр!»", "photo": "photos/М1О7_ростовский_граффитчик.jpg", "delay_after_display": null}}, {"model": "culture.step", "pk": 52, "fields": {"type": "photo", "content": "Вновь посмотрите на правую сторону площадки, особенно на две крупных, словно стекающих сиренево-розовые буквы AC.", "photo": "photos/М1О8_Тэг_команды_AC.jpg", "delay_after_display": null}}, {"model": "culture.step", "pk": 53, "fields": {"type": "reflection", "content": "Как думаете, что означает AC? Видели ли Вы их ранее на нашем маршруте, но в иных формах начертания?", "photo": "", "delay_after_display": null}}, {"model": "culture.step", "pk": 54, "fields": {"type": "text", "content": "AC (Active Crew – их аббревиатуру очень часто можно увидеть в Ростове). \r\nКоманда настолько активна, что невозможно не столкнуться с их тэгам на улицах города. Также расшифровать аббревиатуру их можно вспомнив одно из сленговых выражений уличной среды All City (пер. весь город). То есть граффитчик настолько крут и известен своими тэгами именно потому что оставил их буквально по всему городу!\r\nВ данном случае команда изобразила свой тэг нарочито огромным, а градиентный плавный переход цветов считается отдельным уровнем мастерства и носит названия <b><i>faded</i></b>.", "photo": "", "delay_after_display": null}}, {"model": "culture.step", "pk": 55, "fields": {"type": "quiz", "content": "Как дела?\r\n*Хорошо\r\nПлохо", "photo": "", "delay_after_display": null}}, {"model": "culture.step", "pk": 56, "fields": {"type": "photo", "content": "Наша прогулка будет достаточно протяженной. Чтобы вы могли сориентироваться, предлагаем вам ознакомиться с картой маршрута.", "photo": "photos/М2_карта.jpeg", "delay_after_display": null}}, {"model": "culture.step", "pk": 57, "fields": {"type": "text", "content": "Первый объект, который вам предстоит посетить находится по адресу ул. Темерницкая, 61. Пожалуйста, двигайтесь туда и нажмите кнопку, когда будете на месте", "photo": "", "delay_after_display": null}}, {"model": "culture.step", "pk": 58, "fields": {"type": "text", "content": "Первая работа, которую вам предстоит посмотреть, находится по адресу ул. Темерницкая, 61, но лучше всего её рассматривать с противоположной стороны дороги. Пожалуйста, отправляйтесь по адресу  <a href=\"https://yandex.ru/maps/-/CDQrv6nn\">ул. Темерницкая, 50</a> и просто нажмите кнопку, когда будете на месте.", "photo": "", "delay_after_display": null}}, {"model": "culture.step", "pk": 59, "fields": {"type": "reflection", "content": "Вы оказались на улице Темерницкой, напротив небольшого здания. Посмотрите вокруг на архитектурный ландшафт. Какие замечаете здания?", "photo": "", "delay_after_display": null}}, {"model": "culture.step", "pk": 60, "fields": {"type": "photo", "content": "Наверняка, Вы заметили обилие зданий разных этажности и эпох и особенно двухэтажный дом. Снизу он уже сильно оброс разными надписями команд уличных художников — <b><i>тэгами</i></b>. А на втором этаже выстроились буквы «Явно», благодаря художнику Мише Маркуре и словно сами кричат: «Нам явно нужна помощь!»", "photo": "photos/М2О1_Маркер.jpg", "delay_after_display": null}}, {"model": "culture.step", "pk": 61, "fields": {"type": "text", "content": "<i>«Для меня эта работа примечательна тем, что изначально её не было в моих планах на фестиваль, случайно набрёл на этот дом, в первый же день нахождения в городе и понял, что это моё место и надо с ним что-то делать, так спонтанно и родилась эта работа. нехарактерный для меня случай, но тем он и ценен»</i> – комментирует Миша историю создания работы.", "photo": "", "delay_after_display": null}}, {"model": "culture.step", "pk": 62, "fields": {"type": "text", "content": "Следующиая работа находится неподалёку. Подойдите к <a href=\"https://yandex.ru/maps/-/CDQv4ImZ\">общественному пространству «Фактура»</a> и обратите внимание на яркие порталы на заборе. Именно они и представляют уличные работы художника Арт Абстрактов.", "photo": "", "delay_after_display": null}}, {"model": "culture.step", "pk": 63, "fields": {"type": "continue_button", "content": "Я на месте", "photo": "", "delay_after_display": null}}, {"model": "culture.step", "pk": 64, "fields": {"type": "reflection", "content": "Улица Темерницкая в последнее время сильно обрастает уличным искусством – трансформаторная будка сейчас изображает атрибуты хоккея, а на стенах общественного пространства «Фактура» расположились крупные муралы от фестиваля «Про Любовь». Посмотрите вокруг. Как уличное искусство изменяет визуальный ландшафт улицы? Изменяет ли?", "photo": "", "delay_after_display": null}}, {"model": "culture.step", "pk": 65, "fields": {"type": "photo", "content": "Здесь также прямо в порталах стены притаилась работа самарского уличного художника Арт Абстрактов. Художник всегда создаёт уличные работы вписанные в архитектурные элементы здания и состоящие из абстрактных геометрических композиций. Работы были созданы в рамках фестиваля «Ничего страшного» в 2021 году и живут по сей день.", "photo": "photos/М2О2_Арт_Абстрактов.jpg", "delay_after_display": null}}, {"model": "culture.step", "pk": 66, "fields": {"type": "text", "content": "Спасибо, что делитесь своими мыслями! Нам кажется, что только рефлексируюя можно лучше понять уличное искусство.", "photo": "", "delay_after_display": null}}, {"model": "culture.step", "pk": 68, "fields": {"type": "photo", "content": "Чтобы увидеть ещё одну работу, придётся немного пройтись. Поверните с улицы Темерницкой и перейдите к рынку, расположившемуся по пути к улице Московская.", "photo": "photos/М2О3_Couple_of_creators.jpg", "delay_after_display": null}}, {"model": "culture.step", "pk": 69, "fields": {"type": "reflection", "content": "Посмотрите на уличную работу с красивыми девушками с цветами. Как думаете как они появились? Почему?", "photo": "", "delay_after_display": null}}, {"model": "culture.step", "pk": 70, "fields": {"type": "text", "content": "Couple of creators — известный ростовский тандем, который создаёт уличные работы с яркими цветами и приятгательными мотивирующим фразами. Работа стала новым витком для места на котором некогда рухнул дом. На его месте был запланирован цветочный рынок и именно поэтому художники решили сделать россыпь из огромных цветов по двум стенам!", "photo": "", "delay_after_display": null}}, {"model": "culture.step", "pk": 71, "fields": {"type": "text", "content": "Ещё одна работа художника Миши Маркера называется \"Или или\" и находится совсем близко: заверните на Темерницкую от переулка Газетного и пройдите до <a href=\"https://yandex.ru/maps/-/CDQvN88V\">пустыря</a>. Среди стен Вы обнаружите чёткий трафаретный чёрно-белый текст. Он нам и нужен!", "photo": "", "delay_after_display": null}}, {"model": "culture.step", "pk": 72, "fields": {"type": "reflection", "content": "От рынка и обросшего новыми визуальными смыслами места мы попали на улицу пока ещё обветшалую. Как вы ощущаете себя в этом пространстве?", "photo": "", "delay_after_display": null}}, {"model": "culture.step", "pk": 73, "fields": {"type": "photo", "content": "Текстовую работу создал известный райтер Миша Маркер. И особенно сильно фраза звучит в руинизированном контексте вокруг, становясь символическим обрамлением фразы «лучше, чем ничего/ хуже, чем было»", "photo": "photos/М2О4_Маркер.jpg", "delay_after_display": null}}, {"model": "culture.step", "pk": 74, "fields": {"type": "text", "content": "Чтобы увидеть следующую работу, придётся немного пройтись. Спуститесь в подземный переход на пересечении улицы Садовой и проспекта Ворошиловского. Затем Вам надо пройти вверх по проспекту Ворошиловскому, завернуть под арку РГЭУ и пройти прямо в неё. Слева Вас будут ждать тёмные кованые ворота и <a href=\"https://yandex.ru/maps/-/CDQvNPnF\">небольшой двор</a> с ярким произведением Андрея Youraw.", "photo": "", "delay_after_display": null}}, {"model": "culture.step", "pk": 75, "fields": {"type": "photo", "content": "Работа создана художником Андреем Youraw и называется «Квартет». Однако, персонажей всего лишь трое.", "photo": "photos/М2О5_Андрей_Youraw.jpg", "delay_after_display": null}}, {"model": "culture.step", "pk": 76, "fields": {"type": "reflection", "content": "Как думаете, кто четвёртый?", "photo": "", "delay_after_display": null}}, {"model": "culture.step", "pk": 77, "fields": {"type": "text", "content": "Андрей сам рассказал о своей работе: <i>«Я слушаю много музыки и в какой-то момент, когда я как раз размышлял о фестивале «Ничего страшного», у меня играла песня Blitzkrieg Bop группы Ramones. Я решил, что фразу Hey ho, let's go интегрирую в свою работу. У меня был эскиз на музыкальную тему, я его переработал, нашел подходящие лица музыкантов и нарисовал их в своей стилистике гипертрофированных пропорций. Все было завязано на музыке, моем настроении и том драйве, который заложен в эту композицию. Я покопался в истории группы и узнал, что Blitzkrieg Bop была написана на эмоциональном порыве, когда парни решили все бросить и сорваться на концерт любимой группы. Моя работа тоже об этом. Музыканты вышли оторваться, поиграть классную музыку».</i>", "photo": "", "delay_after_display": null}}, {"model": "culture.step", "pk": 78, "fields": {"type": "text", "content": "А четвёртый в этом квартете становится именно ты, дорогой зритель!", "photo": "", "delay_after_display": 3}}, {"model": "culture.step", "pk": 79, "fields": {"type": "text", "content": "Чтобы добраться до последнего объекта, вам нужно пройти вдоль по переулку Газетный в сторону улица Пушкинская, но не доходить до неё, а завернуть в неприметный и малоэтажный переулок Малый. Пройдя все одноэтажные деревянные дома, Вам откроется вид на парковку с огромным бетонным долгостроем – Вам он и нужен!", "photo": "", "delay_after_display": null}}, {"model": "culture.step", "pk": 80, "fields": {"type": "text", "content": "Удалось найти?", "photo": "", "delay_after_display": null}}, {"model": "culture.step", "pk": 81, "fields": {"type": "continue_button", "content": "Да\r\nНет", "photo": "", "delay_after_display": null}}, {"model": "culture.step", "pk": 82, "fields": {"type": "reflection", "content": "Какие ощущения Вы испытываете, оказываясь в столь заброшенном, но обросшем уличным искусством пространстве?", "photo": "", "delay_after_display": null}}, {"model": "culture.step", "pk": 83, "fields": {"type": "photo", "content": "Последний объект — заброшенный долгострой на переулке Малом. Из-за драматичных обстоятельств, строительство жилого дома так и застыло на пятом с половиной этаже и не сдвигается с места уже более двадцати лет. Но это даёт почву для уличных художников создавать собственные работы и наращивать новые визуальные смыслы вокруг серых бетонных блоков. От фестивальных работ «Ничего страшного» мы дошли с Вами до живого места соревнования в мастерстве уличных художников.", "photo": "photos/М2О6_Спот_на_Малом.jpeg", "delay_after_display": null}}, {"model": "culture.step", "pk": 84, "fields": {"type": "text", "content": "Это место скрыто от глаз и шума сигналов светофоров и является крайне важным местом для всех причастных к уличной культуре. Предлагаем Вам его осмотреть и даже стать коллекционером уличного искусства, просто сделав несколько кадров понравившихся работ. Возможно, уже через неделю их перекроет другой художник, ведь спот – место свободного выражения творческих задумок, которые часто перекрывают другие работы.", "photo": "", "delay_after_display": null}}, {"model": "culture.routestage", "pk": 1, "fields": {"route": 1, "stage": 1, "stage_priority": 10}}, {"model": "culture.routestage", "pk": 2, "fields": {"route": 1, "stage": 2, "stage_priority": 20}}, {"model": "culture.routestage", "pk": 3, "fields": {"route": 1, "stage": 3, "stage_priority": 30}}, {"model": "culture.routestage", "pk": 4, "fields": {"route": 1, "stage": 4, "stage_priority": 40}}, {"model": "culture.routestage", "pk": 5, "fields": {"route": 1, "stage": 5, "stage_priority": 50}}, {"model": "culture.routestage", "pk": 6, "fields": {"route": 1, "stage": 6, "stage_priority": 60}}, {"model": "culture.routestage", "pk": 7, "fields": {"route": 1, "stage": 7, "stage_priority": 70}}, {"model": "culture.routestage", "pk": 8, "fields": {"route": 1, "stage": 8, "stage_priority": 80}}, {"model": "culture.routestage", "pk": 9, "fields": {"route": 1, "stage": 9, "stage_priority": 90}}, {"model": "culture.routestage", "pk": 10, "fields": {"route": 1, "stage": 10, "stage_priority": 100}}, {"model": "culture.routestage", "pk": 11, "fields": {"route": 2, "stage": 11, "stage_priority": 20}}, {"model": "culture.routestage", "pk": 12, "fields": {"route": 2, "stage": 1, "stage_priority": 10}}, {"model": "culture.routestage", "pk": 13, "fields": {"route": 2, "stage": 12, "stage_priority": 30}}, {"model": "culture.routestage", "pk": 14, "fields": {"route": 2, "stage": 13, "stage_priority": 40}}, {"model": "culture.routestage", "pk": 15, "fields": {"route": 2, "stage": 14, "stage_priority": 50}}, {"model": "culture.routestage", "pk": 16, "fields": {"route": 2, "stage": 15, "stage_priority": 60}}, {"model": "culture.routestage", "pk": 17, "fields": {"route": 2, "stage": 16, "stage_priority": 70}}, {"model": "culture.routestage", "pk": 18, "fields": {"route": 2, "stage": 17, "stage_priority": 80}}, {"model": "culture.stagestep", "pk": 1, "fields": {"stage": 1, "step": 1, "step_priority": 10}}, {"model": "culture.stagestep", "pk": 3, "fields": {"stage": 2, "step": 3, "step_priority": 10}}, {"model": "culture.stagestep", "pk": 4, "fields": {"stage": 3, "step": 4, "step_priority": 10}}, {"model": "culture.stagestep", "pk": 5, "fields": {"stage": 3, "step": 5, "step_priority": 20}}, {"model": "culture.stagestep", "pk": 6, "fields": {"stage": 3, "step": 6, "step_priority": 30}}, {"model": "culture.stagestep", "pk": 7, "fields": {"stage": 3, "step": 7, "step_priority": 40}}, {"model": "culture.stagestep", "pk": 8, "fields": {"stage": 4, "step": 8, "step_priority": 10}}, {"model": "culture.stagestep", "pk": 9, "fields": {"stage": 3, "step": 9, "step_priority": 90}}, {"model": "culture.stagestep", "pk": 10, "fields": {"stage": 3, "step": 10, "step_priority": 100}}, {"model": "culture.stagestep", "pk": 11, "fields": {"stage": 3, "step": 11, "step_priority": 110}}, {"model": "culture.stagestep", "pk": 12, "fields": {"stage": 3, "step": 12, "step_priority": 120}}, {"model": "culture.stagestep", "pk": 13, "fields": {"stage": 3, "step": 13, "step_priority": 130}}, {"model": "culture.stagestep", "pk": 14, "fields": {"stage": 3, "step": 14, "step_priority": 140}}, {"model": "culture.stagestep", "pk": 15, "fields": {"stage": 4, "step": 15, "step_priority": 20}}, {"model": "culture.stagestep", "pk": 16, "fields": {"stage": 4, "step": 16, "step_priority": 30}}, {"model": "culture.stagestep", "pk": 17, "fields": {"stage": 4, "step": 17, "step_priority": 40}}, {"model": "culture.stagestep", "pk": 18, "fields": {"stage": 4, "step": 18, "step_priority": 50}}, {"model": "culture.stagestep", "pk": 19, "fields": {"stage": 4, "step": 19, "step_priority": 60}}, {"model": "culture.stagestep", "pk": 20, "fields": {"stage": 4, "step": 20, "step_priority": 70}}, {"model": "culture.stagestep", "pk": 21, "fields": {"stage": 4, "step": 21, "step_priority": 80}}, {"model": "culture.stagestep", "pk": 22, "fields": {"stage": 4, "step": 22, "step_priority": 90}}, {"model": "culture.stagestep", "pk": 25, "fields": {"stage": 3, "step": 25, "step_priority": 60}}, {"model": "culture.stagestep", "pk": 26, "fields": {"stage": 3, "step": 26, "step_priority": 70}}, {"model": "culture.stagestep", "pk": 27, "fields": {"stage": 3, "step": 27, "step_priority": 80}}, {"model": "culture.stagestep", "pk": 28, "fields": {"stage": 3, "step": 28, "step_priority": 50}}, {"model": "culture.stagestep", "pk": 30, "fields": {"stage": 5, "step": 30, "step_priority": 20}}, {"model": "culture.stagestep", "pk": 31, "fields": {"stage": 5, "step": 31, "step_priority": 30}}, {"model": "culture.stagestep", "pk": 32, "fields": {"stage": 5, "step": 32, "step_priority": 50}}, {"model": "culture.stagestep", "pk": 33, "fields": {"stage": 5, "step": 33, "step_priority": 70}}, {"model": "culture.stagestep", "pk": 34, "fields": {"stage": 5, "step": 34, "step_priority": 10}}, {"model": "culture.stagestep", "pk": 35, "fields": {"stage": 6, "step": 37, "step_priority": 10}}, {"model": "culture.stagestep", "pk": 36, "fields": {"stage": 6, "step": 36, "step_priority": 20}}, {"model": "culture.stagestep", "pk": 37, "fields": {"stage": 6, "step": 41, "step_priority": 30}}, {"model": "culture.stagestep", "pk": 38, "fields": {"stage": 6, "step": 38, "step_priority": 50}}, {"model": "culture.stagestep", "pk": 39, "fields": {"stage": 6, "step": 39, "step_priority": 60}}, {"model": "culture.stagestep", "pk": 40, "fields": {"stage": 6, "step": 40, "step_priority": 70}}, {"model": "culture.stagestep", "pk": 41, "fields": {"stage": 6, "step": 22, "step_priority": 80}}, {"model": "culture.stagestep", "pk": 42, "fields": {"stage": 7, "step": 42, "step_priority": 10}}, {"model": "culture.stagestep", "pk": 43, "fields": {"stage": 7, "step": 36, "step_priority": 20}}, {"model": "culture.stagestep", "pk": 44, "fields": {"stage": 6, "step": 43, "step_priority": 40}}, {"model": "culture.stagestep", "pk": 45, "fields": {"stage": 7, "step": 44, "step_priority": 30}}, {"model": "culture.stagestep", "pk": 46, "fields": {"stage": 7, "step": 45, "step_priority": 40}}, {"model": "culture.stagestep", "pk": 47, "fields": {"stage": 8, "step": 46, "step_priority": 10}}, {"model": "culture.stagestep", "pk": 48, "fields": {"stage": 8, "step": 47, "step_priority": 20}}, {"model": "culture.stagestep", "pk": 49, "fields": {"stage": 8, "step": 48, "step_priority": 30}}, {"model": "culture.stagestep", "pk": 50, "fields": {"stage": 9, "step": 49, "step_priority": 10}}, {"model": "culture.stagestep", "pk": 51, "fields": {"stage": 9, "step": 50, "step_priority": 20}}, {"model": "culture.stagestep", "pk": 52, "fields": {"stage": 9, "step": 51, "step_priority": 30}}, {"model": "culture.stagestep", "pk": 53, "fields": {"stage": 10, "step": 52, "step_priority": 10}}, {"model": "culture.stagestep", "pk": 54, "fields": {"stage": 10, "step": 53, "step_priority": 20}}, {"model": "culture.stagestep", "pk": 55, "fields": {"stage": 10, "step": 54, "step_priority": 30}}, {"model": "culture.stagestep", "pk": 60, "fields": {"stage": 11, "step": 56, "step_priority": 10}}, {"model": "culture.stagestep", "pk": 61, "fields": {"stage": 12, "step": 58, "step_priority": 10}}, {"model": "culture.stagestep", "pk": 62, "fields": {"stage": 12, "step": 7, "step_priority": 20}}, {"model": "culture.stagestep", "pk": 63, "fields": {"stage": 12, "step": 59, "step_priority": 30}}, {"model": "culture.stagestep", "pk": 64, "fields": {"stage": 12, "step": 60, "step_priority": 40}}, {"model": "culture.stagestep", "pk": 65, "fields": {"stage": 12, "step": 61, "step_priority": 50}}, {"model": "culture.stagestep", "pk": 66, "fields": {"stage": 13, "step": 62, "step_priority": 10}}, {"model": "culture.stagestep", "pk": 67, "fields": {"stage": 13, "step": 63, "step_priority": 20}}, {"model": "culture.stagestep", "pk": 68, "fields": {"stage": 13, "step": 64, "step_priority": 40}}, {"model": "culture.stagestep", "pk": 69, "fields": {"stage": 13, "step": 65, "step_priority": 30}}, {"model": "culture.stagestep", "pk": 73, "fields": {"stage": 13, "step": 66, "step_priority": 50}}, {"model": "culture.stagestep", "pk": 74, "fields": {"stage": 5, "step": 66, "step_priority": 60}}, {"model": "culture.stagestep", "pk": 75, "fields": {"stage": 14, "step": 68, "step_priority": 10}}, {"model": "culture.stagestep", "pk": 76, "fields": {"stage": 14, "step": 30, "step_priority": 20}}, {"model": "culture.stagestep", "pk": 77, "fields": {"stage": 14, "step": 31, "step_priority": 30}}, {"model": "culture.stagestep", "pk": 78, "fields": {"stage": 14, "step": 69, "step_priority": 40}}, {"model": "culture.stagestep", "pk": 79, "fields": {"stage": 14, "step": 70, "step_priority": 50}}, {"model": "culture.stagestep", "pk": 80, "fields": {"stage": 15, "step": 71, "step_priority": 10}}, {"model": "culture.stagestep", "pk": 81, "fields": {"stage": 15, "step": 36, "step_priority": 20}}, {"model": "culture.stagestep", "pk": 82, "fields": {"stage": 15, "step": 72, "step_priority": 30}}, {"model": "culture.stagestep", "pk": 83, "fields": {"stage": 15, "step": 73, "step_priority": 40}}, {"model": "culture.stagestep", "pk": 84, "fields": {"stage": 16, "step": 74, "step_priority": 10}}, {"model": "culture.stagestep", "pk": 85, "fields": {"stage": 16, "step": 7, "step_priority": 20}}, {"model": "culture.stagestep", "pk": 86, "fields": {"stage": 16, "step": 75, "step_priority": 30}}, {"model": "culture.stagestep", "pk": 87, "fields": {"stage": 16, "step": 76, "step_priority": 40}}, {"model": "culture.stagestep", "pk": 88, "fields": {"stage": 16, "step": 77, "step_priority": 50}}, {"model": "culture.stagestep", "pk": 89, "fields": {"stage": 16, "step": 78, "step_priority": 60}}, {"model": "culture.stagestep", "pk": 90, "fields": {"stage": 17, "step": 79, "step_priority": 10}}, {"model": "culture.stagestep", "pk": 91, "fields": {"stage": 17, "step": 80, "step_priority": 20}}, {"model": "culture.stagestep", "pk": 92, "fields": {"stage": 17, "step": 81, "step_priority": 30}}, {"model": "culture.stagestep", "pk": 93, "fields": {"stage": 17, "step": 82, "step_priority": 50}}, {"model": "culture.stagestep", "pk": 94, "fields": {"stage": 17, "step": 83, "step_priority": 40}}, {"model": "culture.stagestep", "pk": 95, "fields": {"stage": 17, "step": 84, "step_priority": 60}}]