[{"model": "admin.logentry", "pk": 1, "fields": {"action_time": "2023-08-30T01:58:56.738Z", "user": 1, "content_type": 9, "object_id": "56", "object_repr": "Фото: photos/М2_карта.jpeg", "action_flag": 2, "change_message": "[{\"changed\": {\"fields\": [\"\\u0417\\u0430\\u0434\\u0435\\u0440\\u0436\\u043a\\u0430 \\u043f\\u043e\\u0441\\u043b\\u0435 \\u043f\\u043e\\u043a\\u0430\\u0437\\u0430\"]}}]"}}, {"model": "admin.logentry", "pk": 2, "fields": {"action_time": "2023-08-30T01:59:07.003Z", "user": 1, "content_type": 9, "object_id": "85", "object_repr": "Фото: photos/М3_карта.png", "action_flag": 2, "change_message": "[{\"changed\": {\"fields\": [\"\\u0417\\u0430\\u0434\\u0435\\u0440\\u0436\\u043a\\u0430 \\u043f\\u043e\\u0441\\u043b\\u0435 \\u043f\\u043e\\u043a\\u0430\\u0437\\u0430\"]}}]"}}, {"model": "admin.logentry", "pk": 3, "fields": {"action_time": "2023-08-30T01:59:16.594Z", "user": 1, "content_type": 9, "object_id": "3", "object_repr": "Фото: photos/М1_карта.jpeg", "action_flag": 2, "change_message": "[{\"changed\": {\"fields\": [\"\\u0417\\u0430\\u0434\\u0435\\u0440\\u0436\\u043a\\u0430 \\u043f\\u043e\\u0441\\u043b\\u0435 \\u043f\\u043e\\u043a\\u0430\\u0437\\u0430\"]}}]"}}, {"model": "admin.logentry", "pk": 4, "fields": {"action_time": "2023-08-30T01:59:54.836Z", "user": 1, "content_type": 8, "object_id": "2", "object_repr": "Вступление (Руки бы им всем оторвать)", "action_flag": 2, "change_message": "[]"}}, {"model": "admin.logentry", "pk": 5, "fields": {"action_time": "2023-08-30T02:03:12.970Z", "user": 1, "content_type": 9, "object_id": "25", "object_repr": "Фото: photos/М1О1_Марина_Яблонская_1.jpg", "action_flag": 2, "change_message": "[{\"changed\": {\"fields\": [\"\\u0422\\u0435\\u043a\\u0441\\u0442\\u043e\\u0432\\u043e\\u0435 \\u0441\\u043e\\u0434\\u0435\\u0440\\u0436\\u0438\\u043c\\u043e\\u0435\"]}}]"}}, {"model": "admin.logentry", "pk": 6, "fields": {"action_time": "2023-08-30T02:03:19.969Z", "user": 1, "content_type": 8, "object_id": "3", "object_repr": "Объект 1 Без названия, Алексей Кассета (Руки бы им всем оторвать)", "action_flag": 2, "change_message": "[{\"deleted\": {\"name\": \"stage step\", \"object\": \"\\u0412\\u044b \\u043e\\u043a\\u0430\\u0437\\u0430\\u043b\\u0438\\u0441\\u044c \\u043f\\u0435\\u0440\\u0435\\u0434 \\u0445\\u0443\\u0434\\u043e\\u0436\\u0435\\u0441\\u0442\\u0432\\u0435\\u043d\\u043d\\u043e\\u0439 \\u0433\\u0430\\u043b\\u0435\\u0440\\u0435\\u0435\\u0439 \\u00ab\\u0420\\u043e\\u0441\\u0442\\u043e\\u0432...\"}}]"}}, {"model": "admin.logentry", "pk": 7, "fields": {"action_time": "2023-08-30T02:09:07.789Z", "user": 1, "content_type": 8, "object_id": "6", "object_repr": "Объект 4 Подорожник, Couple of creators (Руки бы им всем оторвать)", "action_flag": 2, "change_message": "[{\"deleted\": {\"name\": \"stage step\", \"object\": \"\\u041d\\u0430\\u0436\\u043c\\u0438\\u0442\\u0435 \\u043a\\u043d\\u043e\\u043f\\u043a\\u0443, \\u0447\\u0442\\u043e\\u0431\\u044b \\u043f\\u0440\\u043e\\u0434\\u043e\\u043b\\u0436\\u0438\\u0442\\u044c \\u043c\\u0435\\u0434\\u0438\\u0442\\u0430\\u0446\\u0438\\u044e....\"}}]"}}, {"model": "admin.logentry", "pk": 8, "fields": {"action_time": "2023-08-30T02:10:04.455Z", "user": 1, "content_type": 7, "object_id": "1", "object_repr": "Руки бы им всем оторвать", "action_flag": 2, "change_message": "[]"}}, {"model": "admin.logentry", "pk": 9, "fields": {"action_time": "2023-08-30T02:11:34.082Z", "user": 1, "content_type": 9, "object_id": "51", "object_repr": "Фото: photos/М1О7_ростовский_граффитчик.jpg", "action_flag": 2, "change_message": "[{\"changed\": {\"fields\": [\"\\u0417\\u0430\\u0434\\u0435\\u0440\\u0436\\u043a\\u0430 \\u043f\\u043e\\u0441\\u043b\\u0435 \\u043f\\u043e\\u043a\\u0430\\u0437\\u0430\"]}}]"}}, {"model": "admin.logentry", "pk": 10, "fields": {"action_time": "2023-08-30T02:11:38.068Z", "user": 1, "content_type": 8, "object_id": "9", "object_repr": "Объект 7 Хорошогр, без автора (Руки бы им всем оторвать)", "action_flag": 2, "change_message": "[]"}}, {"model": "admin.logentry", "pk": 11, "fields": {"action_time": "2023-08-30T02:25:39.762Z", "user": 1, "content_type": 9, "object_id": "66", "object_repr": "Текст: Спасибо, что делитесь сво...", "action_flag": 2, "change_message": "[{\"changed\": {\"fields\": [\"\\u0422\\u0435\\u043a\\u0441\\u0442\\u043e\\u0432\\u043e\\u0435 \\u0441\\u043e\\u0434\\u0435\\u0440\\u0436\\u0438\\u043c\\u043e\\u0435\"]}}]"}}, {"model": "admin.logentry", "pk": 12, "fields": {"action_time": "2023-08-30T02:40:59.209Z", "user": 1, "content_type": 9, "object_id": "108", "object_repr": "Текст: Возможно, если включить ф...", "action_flag": 2, "change_message": "[{\"changed\": {\"fields\": [\"\\u0417\\u0430\\u0434\\u0435\\u0440\\u0436\\u043a\\u0430 \\u043f\\u043e\\u0441\\u043b\\u0435 \\u043f\\u043e\\u043a\\u0430\\u0437\\u0430\"]}}]"}}, {"model": "admin.logentry", "pk": 13, "fields": {"action_time": "2023-08-30T02:41:01.254Z", "user": 1, "content_type": 8, "object_id": "22", "object_repr": "Объект 4 Никому не легче, Илья Мозги (… но спи/СМИ спокойно)", "action_flag": 2, "change_message": "[]"}}, {"model": "admin.logentry", "pk": 14, "fields": {"action_time": "2023-08-30T02:41:04.170Z", "user": 1, "content_type": 7, "object_id": "3", "object_repr": "… но спи/СМИ спокойно", "action_flag": 2, "change_message": "[]"}}, {"model": "admin.logentry", "pk": 15, "fields": {"action_time": "2023-08-30T15:14:40.933Z", "user": 1, "content_type": 8, "object_id": "18", "object_repr": "Вступление (… но спи/СМИ спокойно)", "action_flag": 2, "change_message": "[]"}}, {"model": "auth.permission", "pk": 1, "fields": {"name": "Can add log entry", "content_type": 1, "codename": "add_logentry"}}, {"model": "auth.permission", "pk": 2, "fields": {"name": "Can change log entry", "content_type": 1, "codename": "change_logentry"}}, {"model": "auth.permission", "pk": 3, "fields": {"name": "Can delete log entry", "content_type": 1, "codename": "delete_logentry"}}, {"model": "auth.permission", "pk": 4, "fields": {"name": "Can view log entry", "content_type": 1, "codename": "view_logentry"}}, {"model": "auth.permission", "pk": 5, "fields": {"name": "Can add permission", "content_type": 2, "codename": "add_permission"}}, {"model": "auth.permission", "pk": 6, "fields": {"name": "Can change permission", "content_type": 2, "codename": "change_permission"}}, {"model": "auth.permission", "pk": 7, "fields": {"name": "Can delete permission", "content_type": 2, "codename": "delete_permission"}}, {"model": "auth.permission", "pk": 8, "fields": {"name": "Can view permission", "content_type": 2, "codename": "view_permission"}}, {"model": "auth.permission", "pk": 9, "fields": {"name": "Can add group", "content_type": 3, "codename": "add_group"}}, {"model": "auth.permission", "pk": 10, "fields": {"name": "Can change group", "content_type": 3, "codename": "change_group"}}, {"model": "auth.permission", "pk": 11, "fields": {"name": "Can delete group", "content_type": 3, "codename": "delete_group"}}, {"model": "auth.permission", "pk": 12, "fields": {"name": "Can view group", "content_type": 3, "codename": "view_group"}}, {"model": "auth.permission", "pk": 13, "fields": {"name": "Can add user", "content_type": 4, "codename": "add_user"}}, {"model": "auth.permission", "pk": 14, "fields": {"name": "Can change user", "content_type": 4, "codename": "change_user"}}, {"model": "auth.permission", "pk": 15, "fields": {"name": "Can delete user", "content_type": 4, "codename": "delete_user"}}, {"model": "auth.permission", "pk": 16, "fields": {"name": "Can view user", "content_type": 4, "codename": "view_user"}}, {"model": "auth.permission", "pk": 17, "fields": {"name": "Can add content type", "content_type": 5, "codename": "add_contenttype"}}, {"model": "auth.permission", "pk": 18, "fields": {"name": "Can change content type", "content_type": 5, "codename": "change_contenttype"}}, {"model": "auth.permission", "pk": 19, "fields": {"name": "Can delete content type", "content_type": 5, "codename": "delete_contenttype"}}, {"model": "auth.permission", "pk": 20, "fields": {"name": "Can view content type", "content_type": 5, "codename": "view_contenttype"}}, {"model": "auth.permission", "pk": 21, "fields": {"name": "Can add session", "content_type": 6, "codename": "add_session"}}, {"model": "auth.permission", "pk": 22, "fields": {"name": "Can change session", "content_type": 6, "codename": "change_session"}}, {"model": "auth.permission", "pk": 23, "fields": {"name": "Can delete session", "content_type": 6, "codename": "delete_session"}}, {"model": "auth.permission", "pk": 24, "fields": {"name": "Can view session", "content_type": 6, "codename": "view_session"}}, {"model": "auth.permission", "pk": 25, "fields": {"name": "Can add Маршрут", "content_type": 7, "codename": "add_route"}}, {"model": "auth.permission", "pk": 26, "fields": {"name": "Can change Маршрут", "content_type": 7, "codename": "change_route"}}, {"model": "auth.permission", "pk": 27, "fields": {"name": "Can delete Маршрут", "content_type": 7, "codename": "delete_route"}}, {"model": "auth.permission", "pk": 28, "fields": {"name": "Can view Маршрут", "content_type": 7, "codename": "view_route"}}, {"model": "auth.permission", "pk": 29, "fields": {"name": "Can add Этап", "content_type": 8, "codename": "add_stage"}}, {"model": "auth.permission", "pk": 30, "fields": {"name": "Can change Этап", "content_type": 8, "codename": "change_stage"}}, {"model": "auth.permission", "pk": 31, "fields": {"name": "Can delete Этап", "content_type": 8, "codename": "delete_stage"}}, {"model": "auth.permission", "pk": 32, "fields": {"name": "Can view Этап", "content_type": 8, "codename": "view_stage"}}, {"model": "auth.permission", "pk": 33, "fields": {"name": "Can add Шаг", "content_type": 9, "codename": "add_step"}}, {"model": "auth.permission", "pk": 34, "fields": {"name": "Can change Шаг", "content_type": 9, "codename": "change_step"}}, {"model": "auth.permission", "pk": 35, "fields": {"name": "Can delete Шаг", "content_type": 9, "codename": "delete_step"}}, {"model": "auth.permission", "pk": 36, "fields": {"name": "Can view Шаг", "content_type": 9, "codename": "view_step"}}, {"model": "auth.permission", "pk": 37, "fields": {"name": "Can add user", "content_type": 10, "codename": "add_user"}}, {"model": "auth.permission", "pk": 38, "fields": {"name": "Can change user", "content_type": 10, "codename": "change_user"}}, {"model": "auth.permission", "pk": 39, "fields": {"name": "Can delete user", "content_type": 10, "codename": "delete_user"}}, {"model": "auth.permission", "pk": 40, "fields": {"name": "Can view user", "content_type": 10, "codename": "view_user"}}, {"model": "auth.permission", "pk": 41, "fields": {"name": "Can add stage step", "content_type": 11, "codename": "add_stagestep"}}, {"model": "auth.permission", "pk": 42, "fields": {"name": "Can change stage step", "content_type": 11, "codename": "change_stagestep"}}, {"model": "auth.permission", "pk": 43, "fields": {"name": "Can delete stage step", "content_type": 11, "codename": "delete_stagestep"}}, {"model": "auth.permission", "pk": 44, "fields": {"name": "Can view stage step", "content_type": 11, "codename": "view_stagestep"}}, {"model": "auth.permission", "pk": 45, "fields": {"name": "Can add route stage", "content_type": 12, "codename": "add_routestage"}}, {"model": "auth.permission", "pk": 46, "fields": {"name": "Can change route stage", "content_type": 12, "codename": "change_routestage"}}, {"model": "auth.permission", "pk": 47, "fields": {"name": "Can delete route stage", "content_type": 12, "codename": "delete_routestage"}}, {"model": "auth.permission", "pk": 48, "fields": {"name": "Can view route stage", "content_type": 12, "codename": "view_routestage"}}, {"model": "auth.permission", "pk": 49, "fields": {"name": "Can add reflection", "content_type": 13, "codename": "add_reflection"}}, {"model": "auth.permission", "pk": 50, "fields": {"name": "Can change reflection", "content_type": 13, "codename": "change_reflection"}}, {"model": "auth.permission", "pk": 51, "fields": {"name": "Can delete reflection", "content_type": 13, "codename": "delete_reflection"}}, {"model": "auth.permission", "pk": 52, "fields": {"name": "Can view reflection", "content_type": 13, "codename": "view_reflection"}}, {"model": "auth.permission", "pk": 53, "fields": {"name": "Can add progress", "content_type": 14, "codename": "add_progress"}}, {"model": "auth.permission", "pk": 54, "fields": {"name": "Can change progress", "content_type": 14, "codename": "change_progress"}}, {"model": "auth.permission", "pk": 55, "fields": {"name": "Can delete progress", "content_type": 14, "codename": "delete_progress"}}, {"model": "auth.permission", "pk": 56, "fields": {"name": "Can view progress", "content_type": 14, "codename": "view_progress"}}, {"model": "auth.user", "pk": 1, "fields": {"password": "pbkdf2_sha256$260000$3yzkYKFgSbrWty8VNFnO7I$g6gl28Sz5UprWEYD6l71XIPzlPaczu83uCUq07Gu8GY=", "last_login": "2023-08-30T07:19:45.700Z", "is_superuser": true, "username": "admin", "first_name": "", "last_name": "", "email": "", "is_staff": true, "is_active": true, "date_joined": "2023-08-30T01:54:14.158Z", "groups": [], "user_permissions": []}}, {"model": "contenttypes.contenttype", "pk": 1, "fields": {"app_label": "admin", "model": "logentry"}}, {"model": "contenttypes.contenttype", "pk": 2, "fields": {"app_label": "auth", "model": "permission"}}, {"model": "contenttypes.contenttype", "pk": 3, "fields": {"app_label": "auth", "model": "group"}}, {"model": "contenttypes.contenttype", "pk": 4, "fields": {"app_label": "auth", "model": "user"}}, {"model": "contenttypes.contenttype", "pk": 5, "fields": {"app_label": "contenttypes", "model": "contenttype"}}, {"model": "contenttypes.contenttype", "pk": 6, "fields": {"app_label": "sessions", "model": "session"}}, {"model": "contenttypes.contenttype", "pk": 7, "fields": {"app_label": "culture", "model": "route"}}, {"model": "contenttypes.contenttype", "pk": 8, "fields": {"app_label": "culture", "model": "stage"}}, {"model": "contenttypes.contenttype", "pk": 9, "fields": {"app_label": "culture", "model": "step"}}, {"model": "contenttypes.contenttype", "pk": 10, "fields": {"app_label": "culture", "model": "user"}}, {"model": "contenttypes.contenttype", "pk": 11, "fields": {"app_label": "culture", "model": "stagestep"}}, {"model": "contenttypes.contenttype", "pk": 12, "fields": {"app_label": "culture", "model": "routestage"}}, {"model": "contenttypes.contenttype", "pk": 13, "fields": {"app_label": "culture", "model": "reflection"}}, {"model": "contenttypes.contenttype", "pk": 14, "fields": {"app_label": "culture", "model": "progress"}}, {"model": "sessions.session", "pk": "gbniy3399ztv7ssnpdk89ufhb03if3xy", "fields": {"session_data": ".eJxVjDsOwjAQBe_iGln-xjElfc5g7Xo3OIAcKU4qxN1JpBTQvpl5b5FgW0vaGi9pInEVWlx-N4T85HoAekC9zzLPdV0mlIciT9rkMBO_bqf7d1Cglb1mAozMZE30gXwAdHlkzoDKmS7qTgWrRxvJOMzkgchSn4E0qF0Mvfh8ARxxOUk:1qbARZ:LJ3LHZYQxsiobCV5k2kcpj_E-MlwOFXveIrFaRKUpf8", "expire_date": "2023-09-13T01:56:29.062Z"}}, {"model": "sessions.session", "pk": "ij0viedzvq571fsin1zejqlibl5o8qgq", "fields": {"session_data": ".eJxVjDsOwjAQBe_iGln-xjElfc5g7Xo3OIAcKU4qxN1JpBTQvpl5b5FgW0vaGi9pInEVWlx-N4T85HoAekC9zzLPdV0mlIciT9rkMBO_bqf7d1Cglb1mAozMZE30gXwAdHlkzoDKmS7qTgWrRxvJOMzkgchSn4E0qF0Mvfh8ARxxOUk:1qbFUP:u0jk2r7Wse6DNPC6sbZFDm31W-EcTq07FB9bJkOXefY", "expire_date": "2023-09-13T07:19:45.702Z"}}, {"model": "culture.route", "pk": 1, "fields": {"name": "Руки бы им всем оторвать", "photo": "photos/М1_обложка.jpg", "description": "Тема этого маршрута — тэги. Вспомним известную цитату с работы уличного художника Максима Има: <i>«Граффити — это когда нарисовал и твои пацаны поняли. Стрит-арт — это когда нарисовал и все люди поняли, а твои пацаны вообще не поняли».</i>\r\n\r\nРечь пойдёт о граффити, тегах и о том, почему их так много в городе. Во время прогулки мы разберёмся, какую цель преследуют граффити-райтеры, из чего состоят из работы, и почему люди считают их вандализмом.", "address": "Художественная галерея «Ростов», пер. Соборный, 22", "is_active": true}}, {"model": "culture.route", "pk": 2, "fields": {"name": "Не с кем играть. Играю со стенкой", "photo": "photos/М2_обложка.jpg", "description": "В последнее время в Ростове набирает обороты искусство уличной волны. Конечно, почти весь год — тепло, бываю зимы без снега, а синих заборов и трансформаторных будок — пруд пруди. Но важно помнить, что помимо замечательных фестивальных инициатив, стрит-арт рождается под покровом ночи и совершенно незаконным образом… Балансируя на качелях между законным и “трушным” уличным, мы всмотримся в технические детали работ, созданных авторами за последние несколько лет в Ростове и попадём в одно секретное, но известное среди граффитчиков место!", "address": "ул. Темерницкая, 50", "is_active": true}}, {"model": "culture.route", "pk": 3, "fields": {"name": "… но спи/СМИ спокойно", "photo": "photos/М3_обложка.jpg", "description": "Маршрут посвящён вопросам разрушения и сохранения исторической памяти. Вместе с участниками медиации поговорим о том, как с эстетической точки зрения можно сохранить ауру даже у руин. О том, как неизбежно или намеренно рассыпается историческая память фасадов Старого Ростове. Поднимаясь от Парамоновских складов и проходя эклектичную малоэтажную застройку, посетители медиации увидят наглядное изменение архитектурных ритмов, и историю их угасания с созданными по “горячим следам” работам уличных художников.", "address": "Смотровая площадка напротив памятника Г. Я. Седову, ул. Нижнебульварная, 14", "is_active": true}}, {"model": "culture.stage", "pk": 1, "fields": {"name": "Инструкция по рефлексии", "address": null, "how_to_get": "", "is_active": true}}, {"model": "culture.stage", "pk": 2, "fields": {"name": "Вступление (Руки бы им всем оторвать)", "address": null, "how_to_get": "", "is_active": true}}, {"model": "culture.stage", "pk": 3, "fields": {"name": "Объект 1 Без названия, Алексей Кассета (Руки бы им всем оторвать)", "address": "Художественная галерея «Ростов», пер. Соборный, 22", "how_to_get": "Чтобы найти этот объект, нужно добраться до <a href=\"https://yandex.ru/maps/-/CDQZqT~4\">бизнес-центра «Соборный 22»</a> и подняться на второй этаж. Вам нужна Художественная галерея «Ростов». Код для входа: 1357#.", "is_active": true}}, {"model": "culture.stage", "pk": 4, "fields": {"name": "Объект 2 Эпоха разоренной красоты, Иван Симонов (Руки бы им всем оторвать)", "address": "ул. Социалистическая, 99", "how_to_get": "Остановитесь рядом с <a href=\"https://yandex.ru/maps/-/CDQf445j\">домом</a> номер 86 на ул. Социалистической, посмотрите на небольшой дом напротив. Найдите белеющих «холст» с работой в виде ворот в правой части здания.", "is_active": true}}, {"model": "culture.stage", "pk": 5, "fields": {"name": "Объект 3 Спутник, Иван Симонов (Руки бы им всем оторвать)", "address": "ул. Социалистическая, 100", "how_to_get": "Нужно дойти до <a href=\"https://yandex.ru/maps/-/CDQfeIjT\">парковки</a> между домами 100 и 102 на ул. Социалистическая. Зайдите внутрь парковки, черно-белая фотография расположена на стене на высоте 4-5 метров.", "is_active": true}}, {"model": "culture.stage", "pk": 6, "fields": {"name": "Объект 4 Подорожник, Couple of creators (Руки бы им всем оторвать)", "address": "ул. Социалистическая, 100", "how_to_get": "", "is_active": true}}, {"model": "culture.stage", "pk": 7, "fields": {"name": "Объект 5 Тигр, Антон Сакво (Руки бы им всем оторвать)", "address": "ул. Шаумяна, 108", "how_to_get": "", "is_active": true}}, {"model": "culture.stage", "pk": 8, "fields": {"name": "Объект 6 Хоровод, ХочуБытьСоковым (Руки бы им всем оторвать)", "address": "ул. Шаумяна, 108", "how_to_get": "", "is_active": true}}, {"model": "culture.stage", "pk": 9, "fields": {"name": "Объект 7 Хорошогр, без автора (Руки бы им всем оторвать)", "address": "ул. Шаумяна, 108", "how_to_get": "", "is_active": true}}, {"model": "culture.stage", "pk": 10, "fields": {"name": "Объект 8 Тэг команды AC, AC (Руки бы им всем оторвать)", "address": "ул. Шаумяна, 108", "how_to_get": "", "is_active": true}}, {"model": "culture.stage", "pk": 11, "fields": {"name": "Вступление (Не с кем играть. Играю со стенкой)", "address": null, "how_to_get": "", "is_active": true}}, {"model": "culture.stage", "pk": 12, "fields": {"name": "Объект 1 Наречие, Миша Маркур (Не с кем играть. Играю со стенкой)", "address": "ул. Темерницкая, 61", "how_to_get": "", "is_active": true}}, {"model": "culture.stage", "pk": 13, "fields": {"name": "Объект 2 Без названия, Арт Абстрактов (Не с кем играть. Играю со стенкой)", "address": "ул. Темерницкая, 62", "how_to_get": "", "is_active": true}}, {"model": "culture.stage", "pk": 14, "fields": {"name": "Объект 3 Без названия, Couple of creators (Не с кем играть. Играю со стенкой)", "address": "ул. Московская, 69", "how_to_get": "Вам <a href=\"https://yandex.ru/maps/-/CDQvNQZG\">сюда</a>", "is_active": true}}, {"model": "culture.stage", "pk": 15, "fields": {"name": "Объект 4 Или или, Миша Маркер (Не с кем играть. Играю со стенкой)", "address": "ул. Темерницкая, 66", "how_to_get": "", "is_active": true}}, {"model": "culture.stage", "pk": 16, "fields": {"name": "Объект 5 Квартет, Андрей Youraw (Не с кем играть. Играю со стенкой)", "address": "Бар «Невинность», внутренний двор; ул. Суворова, 12", "how_to_get": "", "is_active": true}}, {"model": "culture.stage", "pk": 17, "fields": {"name": "Объект 6 Без названия, без автора (Не с кем играть. Играю со стенкой)", "address": "пер. Малый, 16", "how_to_get": "Ва нужна парковка, расположенная по адресу: <a href=\"https://yandex.ru/maps/-/CDQvR4of\">пер. Малый, 16</a>", "is_active": true}}, {"model": "culture.stage", "pk": 18, "fields": {"name": "Вступление (… но спи/СМИ спокойно)", "address": null, "how_to_get": "", "is_active": true}}, {"model": "culture.stage", "pk": 19, "fields": {"name": "Объект 1 Цветы, Дмитрий Ламонов (… но спи/СМИ спокойно)", "address": "ул. Седова, 19-21", "how_to_get": "", "is_active": true}}, {"model": "culture.stage", "pk": 20, "fields": {"name": "Объект 2 Девушка, Илья Мозги (… но спи/СМИ спокойно)", "address": "Трансформаторная будка рядом с ул. Седова 8А", "how_to_get": "Найдите <a href=\"https://yandex.ru/maps/-/CDQvVTpF\">трансформаторную будку</a> рядом с ул. Седова 8А", "is_active": true}}, {"model": "culture.stage", "pk": 21, "fields": {"name": "Объект 3 Без названия, Максим Има (… но спи/СМИ спокойно)", "address": "ул. Красных Зорь, 23", "how_to_get": "Ваша цель - <a href=\"https://yandex.ru/maps/-/CDQvV29~\">многоэтажка</a> по адресу: ул. Красных Зорь, 23", "is_active": true}}, {"model": "culture.stage", "pk": 22, "fields": {"name": "Объект 4 Никому не легче, Илья Мозги (… но спи/СМИ спокойно)", "address": "пер. Крыловской, 14", "how_to_get": "", "is_active": true}}, {"model": "culture.stage", "pk": 23, "fields": {"name": "Объект 5 Пусть цветут все цветы, Даня Ночь (… но спи/СМИ спокойно)", "address": "ул. Петровская, 12", "how_to_get": "Работа нанесена на стену, оставшуюся от дома по адресу <a href=\"https://yandex.ru/maps/-/CDQvZAp4\">ул. Петровская, 12</a>", "is_active": true}}, {"model": "culture.stage", "pk": 24, "fields": {"name": "Объект 6 Спот на Университетском (… но спи/СМИ спокойно)", "address": "пер. Университетский, 24", "how_to_get": "Нужны <a href=\"https://yandex.ru/maps/-/CDQvZJIZ\">гаражи</a> по адресу пер. Университетский, 24", "is_active": true}}, {"model": "culture.stage", "pk": 25, "fields": {"name": "Объект 7 Ковёр, Антон Сакво (… но спи/СМИ спокойно)", "address": "пер. Университетский, 19", "how_to_get": "", "is_active": true}}, {"model": "culture.stage", "pk": 26, "fields": {"name": "Объект 8 Закрой глаза — открой своё, Анастасия Бабич (… но спи/СМИ спокойно)", "address": "ул. Социалистическая, трансформаторная будка между домами номер 141 и 143", "how_to_get": "Вам сюда: ул. Социалистическая, <a href=\"https://yandex.ru/maps/-/CDQvZRO9\">трансформаторная будка</a> между домами номер 141 и 143", "is_active": true}}, {"model": "culture.stage", "pk": 27, "fields": {"name": "Объект 9 Взрослость, Вадим Слуф (… но спи/СМИ спокойно)", "address": "арт-кластер С52, ул. Суворова, 52", "how_to_get": "Ищите  <a href=\"https://yandex.ru/maps/-/CDQvZZ4D\">арт-кластер С52</a> по адресу: ул. Суворова, 52", "is_active": true}}, {"model": "culture.stage", "pk": 28, "fields": {"name": "Объект 10 Весна, MSIDOS (… но спи/СМИ спокойно)", "address": "пер. Университетский, 52", "how_to_get": "", "is_active": true}}, {"model": "culture.step", "pk": 1, "fields": {"type": "text", "content": "В ходе арт-медитации вам  периодически будет предложено порефлексировать о том, что вы видите перед собой. Это важная часть процесса погружения. Пожалуйста, не стесняйтесь выражать свои мысли текстовым или даже голосовым сообщениями.", "photo": "", "delay_after_display": null}}, {"model": "culture.step", "pk": 3, "fields": {"type": "photo", "content": "Наша прогулка будет достаточно протяженной. Чтобы вы могли сориентироваться, предлагаем вам ознакомиться с картой маршрута.", "photo": "photos/М1_карта.jpeg", "delay_after_display": 20}}, {"model": "culture.step", "pk": 4, "fields": {"type": "text", "content": "Первый объект, который вам предстоит посетить состоит из двух работ: мозаика авторства Марины Яблонской и граффити руки Алексея Кассеты.", "photo": "", "delay_after_display": null}}, {"model": "culture.step", "pk": 5, "fields": {"type": "text", "content": "Чтобы к нему попасть, нужно войти в бизнес-центр «Соборный 22» и подняться на второй этаж. Код для входа: 1357#.", "photo": "", "delay_after_display": null}}, {"model": "culture.step", "pk": 6, "fields": {"type": "text", "content": "Нажмите кнопку, когда будете на месте.", "photo": "", "delay_after_display": null}}, {"model": "culture.step", "pk": 7, "fields": {"type": "continue_button", "content": "Я на месте!", "photo": "", "delay_after_display": null}}, {"model": "culture.step", "pk": 8, "fields": {"type": "text", "content": "Следующая работа авторства Ивана Симонова, называется «Эпоха разоренной красоты». Она расположена по адресу <a href=\"https://yandex.ru/maps/-/CDQZuZoz\">ул. Социалистическая, 99</a>. Пожалуйста, направляйтесь туда.", "photo": "", "delay_after_display": null}}, {"model": "culture.step", "pk": 9, "fields": {"type": "photo", "content": "А также Вы можете заметить граффити от ростовского художника Алексея Кассеты.", "photo": "photos/М1О1_Алексей_Кассета.jpg", "delay_after_display": null}}, {"model": "culture.step", "pk": 10, "fields": {"type": "reflection", "content": "Предлагаем Вам остановиться перед работой Алексея и внимательно осмотреть элементы, из которых она состоит. Какие формы Вы видите? Какие объекты или предметы можете угадать?", "photo": "", "delay_after_display": null}}, {"model": "culture.step", "pk": 11, "fields": {"type": "text", "content": "Алексей Кассета совмещает несколько визуальных эстетик, оформив вход в галерею «Ростов». С одной стороны, Вы видите обилие ярких геометрических элементов. С другой, узнаются вполне реалистичные объекты, выполненные в черно-белой гамме: хуторской домик, цветок в горшке, автомобиль. Слева внизу Вы можете обнаружить тэг Алексея Кассеты — BASF и год создания работы 22.", "photo": "", "delay_after_display": null}}, {"model": "culture.step", "pk": 12, "fields": {"type": "text", "content": "Вот, что сам Алексей Кассета говорит о своём творчестве: <i>«За последние несколько лет я перешёл от традиционного граффити к более абстрактным работам, стал заменять баллоны на кисти и валики, колеровать краску. Мне стало нравится делать линии и смешивать цвета именно кистями. В будущем планирую полностью отойти от баллонов»</i>", "photo": "", "delay_after_display": null}}, {"model": "culture.step", "pk": 13, "fields": {"type": "reflection", "content": "Знаете ли Вы что такое тэг? Замечали подобные непонятные надписи на улицах города?", "photo": "", "delay_after_display": null}}, {"model": "culture.step", "pk": 14, "fields": {"type": "text", "content": "Придумать и написать свой псевдоним в необычной манере (искривлённые формы, объёмные буквы, напоминающие пузыри – bubble, каллиграфический текст и так далее) – такой феномен в уличной культуре получил название <b><i>тэг</i></b>. Исторически тэги появились благодаря уличному художнику из Нью-Йорка TAKI 183. Taki — вариация настоящего имени художника Dimitros, а 183 — название улицы, на которой он проживал. Так и зародилась традиция совмещать некий шифр в буквах тэга и цифры.", "photo": "", "delay_after_display": null}}, {"model": "culture.step", "pk": 15, "fields": {"type": "reflection", "content": "Вы пройдётесь по улицам, которые с каждым днём все больше и больше обрастают граффити и тэгами. Присмотритесь по пути к их местам появления. Что это за постройки или объекты? Не торопитесь с ответом.", "photo": "", "delay_after_display": null}}, {"model": "culture.step", "pk": 16, "fields": {"type": "text", "content": "Тэги часто располагаются именно на типичных элементах городской инфраструктуры: мусорки, ролл-ставни, заборы, стоковые трубы и обратные стороны дорожных знаков. И именно тэги, по мнению граффитчиков, становятся элементами, которые способны разнообразить серость стен и типичность, одинаковость городской застройки.", "photo": "", "delay_after_display": null}}, {"model": "culture.step", "pk": 17, "fields": {"type": "text", "content": "Удалось найти следующую работу?", "photo": "", "delay_after_display": null}}, {"model": "culture.step", "pk": 18, "fields": {"type": "continue_button", "content": "Да!\r\nА куда идти?", "photo": "", "delay_after_display": null}}, {"model": "culture.step", "pk": 19, "fields": {"type": "photo", "content": "Перед Вами работа Ивана Симонова «Эпоха разорённой красоты», символически расположившаяся на фасаде одноэтажного ветхого здания летом 2022 во время фестиваля «Ничего страшного». Возможно, именно на этом месте могли бы быть настоящие кованные ворота.", "photo": "photos/М1О2_Иван_Симонов.jpg", "delay_after_display": null}}, {"model": "culture.step", "pk": 20, "fields": {"type": "text", "content": "Иван Симонов так прокомментировал процесс создания работы: <i>«Ростов-на-Дону известен своими домами в стиле модерн. Решётки, барельефы, печи погибают без реставрации в пожарах или в результате «ошибки экскаваторщика». За время своего пребывания в Ростове я лично стал свидетелем метаморфоз. Лёгкость и скорость, с которой эти дома уничтожаются, произвела на меня глубокое впечатление. Меньше чем за сутки ковш экскаватора разрушил здание. Пыль и обломки – вот всё, что от него осталось. Этот дом уже никто не увидит из вновь приехавших туристов. Город теряет свой исконный облик, индивидуальность и историческую привлекательность. Им на смену приходят безликие многоэтажные однотипные дома из стекла и бетона или пустыри для парковки»</i>", "photo": "", "delay_after_display": null}}, {"model": "culture.step", "pk": 21, "fields": {"type": "text", "content": "Можете перейти дорогу и приглядеться к надписи над трафаретными воротами, созданной художником. Не торопитесь, рассмотрите работу внимательно. Когда будете готовы, просто нажмите кнопку.", "photo": "", "delay_after_display": null}}, {"model": "culture.step", "pk": 22, "fields": {"type": "continue_button", "content": "Куда дальше?", "photo": "", "delay_after_display": null}}, {"model": "culture.step", "pk": 25, "fields": {"type": "photo", "content": "Вы оказались перед художественной галереей «Ростов». В 2022 году вокруг дверного проёма и на близлежащей стене появился стрит-арт и не один. Вместе с волонтёрами Марина Яблонская создала мозаику, запечатлевающую визуальную панораму города с знаковыми архитектурными и скульптурными постройками.", "photo": "photos/М1О1_Марина_Яблонская_1.jpg", "delay_after_display": null}}, {"model": "culture.step", "pk": 26, "fields": {"type": "photo", "content": "", "photo": "photos/М1О1_Марина_Яблонская_2.jpg", "delay_after_display": null}}, {"model": "culture.step", "pk": 27, "fields": {"type": "photo", "content": "", "photo": "photos/М1О1_Марина_Яблонская_3.jpg", "delay_after_display": null}}, {"model": "culture.step", "pk": 28, "fields": {"type": "text", "content": "Вы оказались перед художественной галереей «Ростов». В 2022 году вокруг дверного проёма и на близлежащей стене появился стрит-арт и не один. Вместе с волонтёрами Марина Яблонская создала мозаику, запечатлевающую визуальную панораму города с знаковыми архитектурными и скульптурными постройками.", "photo": "", "delay_after_display": null}}, {"model": "culture.step", "pk": 29, "fields": {"type": "text", "content": "На следующую работу «Спутник», авторства Ивана Симонова, можно посмотреть с парковки, расположенной между домами 100 и 102 по ул. Социалистическая.", "photo": "", "delay_after_display": null}}, {"model": "culture.step", "pk": 30, "fields": {"type": "text", "content": "Удалось найти работу?", "photo": "", "delay_after_display": null}}, {"model": "culture.step", "pk": 31, "fields": {"type": "continue_button", "content": "Найдено\r\nНе могу найти", "photo": "", "delay_after_display": null}}, {"model": "culture.step", "pk": 32, "fields": {"type": "reflection", "content": "Как думаете, как на этой парковке появился человек с собакой? Кто они? Откуда идут?", "photo": "", "delay_after_display": null}}, {"model": "culture.step", "pk": 33, "fields": {"type": "text", "content": "Вот так сам художник рассказывает об истории создания работы «Спутник»: <i>«Эти герои появились у меня в 2017 году, когда я посетил Зеленоградск. Был невероятной силы шторм, меня сносило ветром, а человек вдоль моря выгуливал собаку. Они были спокойны, как будто шторм и ураганный ветер это обыденность. Меня сильно заинтересовал этот образ, он отлично иллюстрирует взаимоотношения человека и животного, их привязанность и преданность друг другу. Они идут вместе не смотря ни на что. В работе сохранена игра масштабов и является продолжением серии <a href=\"https://ivansimonov.com/malenkielydi\">#маленькиелюди</a>. За счёт огромного размера стены персонажи теряются на фоне здания, несмотря на то, что выполнены в размере реального человеческого роста».</i>", "photo": "", "delay_after_display": null}}, {"model": "culture.step", "pk": 34, "fields": {"type": "photo", "content": "На следующую работу «Спутник», авторства Ивана Симонова, можно посмотреть с парковки, расположенной между домами 100 и 102 по ул. Социалистическая.", "photo": "photos/М1О3_Иван_Симонов.jpg", "delay_after_display": null}}, {"model": "culture.step", "pk": 35, "fields": {"type": "text", "content": "Ещё одна работа работа коллектива Couple of creators расположена на этой же парковке,. Обратите внимание на правую стену с пёстрыми цветами и надписью «жизнь всегда происходит сейчас»!", "photo": "", "delay_after_display": null}}, {"model": "culture.step", "pk": 36, "fields": {"type": "continue_button", "content": "Найдено!", "photo": "", "delay_after_display": null}}, {"model": "culture.step", "pk": 37, "fields": {"type": "photo", "content": "Ещё одна работа работа творческого коллектива Couple of creators расположена на этой же парковке. Обратите внимание на правую стену с пёстрыми цветами и надписью «Жизнь всегда происходит сейчас»!", "photo": "photos/М1О4_Couple_of_creators.jpg", "delay_after_display": null}}, {"model": "culture.step", "pk": 38, "fields": {"type": "reflection", "content": "Вчитайтесь в текст «жизнь всегда происходит сейчас». Какие эмоции он в Вас пробуждает? На какие мысли наталкивает?", "photo": "", "delay_after_display": null}}, {"model": "culture.step", "pk": 39, "fields": {"type": "text", "content": "Художники Couple of creators намеренно создают яркие работы с четко читаемым текстом. Это немного иное направление в отличие от искривлённых тэгов, которые мы находили на улицах ранее. Работа с написанием букв получает название <b><i>райтинг</i></b> в уличной среде. Ваня Make, один из художников тандема Couple of creators, занимается придумыванием способов написания букв, то есть <b><i>леттерингом</i></b>. Юлия JK, вторая половна тандема - отвечает за яркость и объёмность цветов. Художники выбрали именно такую формулировку, чтобы привлечь внимание прохожих к сиюминутности жизни и важности каждого прожитого момента.", "photo": "", "delay_after_display": null}}, {"model": "culture.step", "pk": 40, "fields": {"type": "text", "content": "Нажмите кнопку, чтобы продолжить медитацию.", "photo": "", "delay_after_display": null}}, {"model": "culture.step", "pk": 41, "fields": {"type": "text", "content": "Оглянитесь вокруг парковки! Всего год назад она оголяла большую площадь стен, но сейчас - сильно заросла. Возможно, именно работа «Подорожник» задала тон для быстрого роста растительности вокруг.", "photo": "", "delay_after_display": null}}, {"model": "culture.step", "pk": 42, "fields": {"type": "text", "content": "Чтобы увидеть следующую работу, нужно пройти от парковки сквозь руины в сторону улицы Шаумяна к недавно образовавшемуся <a href=\"https://yandex.ru/maps/-/CDQfyCjL\">пустырю</a>. Ищите огромного тигра, который  будет изображен на правой стене.", "photo": "", "delay_after_display": null}}, {"model": "culture.step", "pk": 43, "fields": {"type": "text", "content": "«Жизнь всегда происходит сейчас» — такая фраза очень характерна для мест, которые внезапно превратились в руины и обрастают новыми смыслами.", "photo": "", "delay_after_display": null}}, {"model": "culture.step", "pk": 44, "fields": {"type": "photo", "content": "Этого милого тигра сделал московский художник Антон Сакво. В работах Антона часто присутствует ирония. Что может быть ироничнее тигра, развалившегося вдоль обрушившегося фасада?", "photo": "photos/М1О5_Антон_Сакво.jpg", "delay_after_display": null}}, {"model": "culture.step", "pk": 45, "fields": {"type": "text", "content": "Сейчас Вы оказались на весьма необычном пустыре, который стал целым <b><i>спотом</i></b>, то есть местом свободного творчества и своеобразного состязания в мастерстве среди граффитчиков. Смотрите, как много тэгов вокруг!", "photo": "", "delay_after_display": 20}}, {"model": "culture.step", "pk": 46, "fields": {"type": "photo", "content": "Часто обрушившиеся здания ещё долго угасают, оставаясь целостными в деталях быта. Например, на этой площадке между ул. Социалистической и Шаумяна можно заметить полку, застеклённое окно и даже кафель с… видите розовых существ?", "photo": "photos/М1О6_ХочуБытьСоковым.jpg", "delay_after_display": null}}, {"model": "culture.step", "pk": 47, "fields": {"type": "continue_button", "content": "Да", "photo": "", "delay_after_display": null}}, {"model": "culture.step", "pk": 48, "fields": {"type": "text", "content": "Эти абстракции на кафеле сделал анонимный творческий коллектив из Челябинска – ХочуБытьСоковым. Работа получила название «Хоровод».\r\n\r\nСложно придумать что-то более непоколебимое, чем железные спортивные снаряды с советских детских площадок. Они пережили взросление каждого ребенка и страны в целом, сохраняя память дворового уюта до сих пор. Исходной точкой для работы «Хоровод» стал один из таких снарядов, найденный во дворах Ростова-на-Дону. Приумноженный, он превратился в орнамент-оберег, перенося свою неприкосновенность на стенку дома, устоявшего от сноса.", "photo": "", "delay_after_display": null}}, {"model": "culture.step", "pk": 49, "fields": {"type": "text", "content": "Руинизированная площадь активно обрастает тэгами и кусками вне деятельности фестиваля. Посмотрите на левую стену с россыпью работ от уличных художников.", "photo": "", "delay_after_display": null}}, {"model": "culture.step", "pk": 50, "fields": {"type": "quiz", "content": "Как думаете что это за зелёно-жёлтое существо?\r\nГусеница\r\nДинозавр\r\n*Керек\r\nЧерепашка\r\nТот самый герой с упаковки Растишка!", "photo": "", "delay_after_display": null}}, {"model": "culture.step", "pk": 51, "fields": {"type": "photo", "content": "", "photo": "photos/М1О7_ростовский_граффитчик.jpg", "delay_after_display": 1}}, {"model": "culture.step", "pk": 52, "fields": {"type": "photo", "content": "Вновь посмотрите на правую сторону площадки, особенно на две крупных, словно стекающих сиренево-розовые буквы AC.", "photo": "photos/М1О8_Тэг_команды_AC.jpg", "delay_after_display": null}}, {"model": "culture.step", "pk": 53, "fields": {"type": "reflection", "content": "Как думаете, что означает AC? Видели ли Вы их ранее на нашем маршруте, но в иных формах начертания?", "photo": "", "delay_after_display": null}}, {"model": "culture.step", "pk": 54, "fields": {"type": "text", "content": "AC (Active Crew – их аббревиатуру очень часто можно увидеть в Ростове). \r\nКоманда настолько активна, что невозможно не столкнуться с их тэгам на улицах города. Также расшифровать аббревиатуру их можно вспомнив одно из сленговых выражений уличной среды All City (пер. весь город). То есть граффитчик настолько крут и известен своими тэгами именно потому что оставил их буквально по всему городу!\r\nВ данном случае команда изобразила свой тэг нарочито огромным, а градиентный плавный переход цветов считается отдельным уровнем мастерства и носит названия <b><i>faded</i></b>.", "photo": "", "delay_after_display": null}}, {"model": "culture.step", "pk": 55, "fields": {"type": "quiz", "content": "Как дела?\r\n*Хорошо\r\nПлохо\r\nТак себе", "photo": "", "delay_after_display": null}}, {"model": "culture.step", "pk": 56, "fields": {"type": "photo", "content": "Наша прогулка будет достаточно протяженной. Чтобы вы могли сориентироваться, предлагаем вам ознакомиться с картой маршрута.", "photo": "photos/М2_карта.jpeg", "delay_after_display": 20}}, {"model": "culture.step", "pk": 57, "fields": {"type": "text", "content": "Первый объект, который вам предстоит посетить находится по адресу ул. Темерницкая, 61. Пожалуйста, двигайтесь туда и нажмите кнопку, когда будете на месте", "photo": "", "delay_after_display": null}}, {"model": "culture.step", "pk": 58, "fields": {"type": "text", "content": "Первая работа, которую вам предстоит посмотреть, находится по адресу ул. Темерницкая, 61, но лучше всего её рассматривать с противоположной стороны дороги. Пожалуйста, отправляйтесь по адресу  <a href=\"https://yandex.ru/maps/-/CDQrv6nn\">ул. Темерницкая, 50</a> и просто нажмите кнопку, когда будете на месте.", "photo": "", "delay_after_display": null}}, {"model": "culture.step", "pk": 59, "fields": {"type": "reflection", "content": "Вы оказались на улице Темерницкой, напротив небольшого здания. Посмотрите вокруг на архитектурный ландшафт. Какие замечаете здания?", "photo": "", "delay_after_display": null}}, {"model": "culture.step", "pk": 60, "fields": {"type": "photo", "content": "Наверняка, Вы заметили обилие зданий разных этажности и эпох и особенно двухэтажный дом. Снизу он уже сильно оброс разными надписями команд уличных художников — <b><i>тэгами</i></b>. А на втором этаже выстроились буквы «Явно», благодаря художнику Мише Маркуре и словно сами кричат: «Нам явно нужна помощь!»", "photo": "photos/М2О1_Маркер.jpg", "delay_after_display": null}}, {"model": "culture.step", "pk": 61, "fields": {"type": "text", "content": "<i>«Для меня эта работа примечательна тем, что изначально её не было в моих планах на фестиваль, случайно набрёл на этот дом, в первый же день нахождения в городе и понял, что это моё место и надо с ним что-то делать, так спонтанно и родилась эта работа. нехарактерный для меня случай, но тем он и ценен»</i> – комментирует Миша историю создания работы.", "photo": "", "delay_after_display": null}}, {"model": "culture.step", "pk": 62, "fields": {"type": "text", "content": "Следующиая работа находится неподалёку. Подойдите к <a href=\"https://yandex.ru/maps/-/CDQv4ImZ\">общественному пространству «Фактура»</a> и обратите внимание на яркие порталы на заборе. Именно они и представляют уличные работы художника Арт Абстрактов.", "photo": "", "delay_after_display": null}}, {"model": "culture.step", "pk": 63, "fields": {"type": "continue_button", "content": "Я на месте", "photo": "", "delay_after_display": null}}, {"model": "culture.step", "pk": 64, "fields": {"type": "reflection", "content": "Улица Темерницкая в последнее время сильно обрастает уличным искусством – трансформаторная будка сейчас изображает атрибуты хоккея, а на стенах общественного пространства «Фактура» расположились крупные муралы от фестиваля «Про Любовь». Посмотрите вокруг. Как уличное искусство изменяет визуальный ландшафт улицы? Изменяет ли?", "photo": "", "delay_after_display": null}}, {"model": "culture.step", "pk": 65, "fields": {"type": "photo", "content": "Здесь также прямо в порталах стены притаилась работа самарского уличного художника Арт Абстрактов. Художник всегда создаёт уличные работы вписанные в архитектурные элементы здания и состоящие из абстрактных геометрических композиций. Работы были созданы в рамках фестиваля «Ничего страшного» в 2021 году и живут по сей день.", "photo": "photos/М2О2_Арт_Абстрактов.jpg", "delay_after_display": null}}, {"model": "culture.step", "pk": 66, "fields": {"type": "text", "content": "Спасибо, что делитесь своими мыслями! Нам кажется, что только рефлексируя можно лучше понять уличное искусство.", "photo": "", "delay_after_display": null}}, {"model": "culture.step", "pk": 68, "fields": {"type": "photo", "content": "Чтобы увидеть ещё одну работу, придётся немного пройтись. Поверните с улицы Темерницкой и перейдите к рынку, расположившемуся по пути к улице Московская.", "photo": "photos/М2О3_Couple_of_creators.jpg", "delay_after_display": null}}, {"model": "culture.step", "pk": 69, "fields": {"type": "reflection", "content": "Посмотрите на уличную работу с красивыми девушками с цветами. Как думаете как они появились? Почему?", "photo": "", "delay_after_display": null}}, {"model": "culture.step", "pk": 70, "fields": {"type": "text", "content": "Couple of creators — известный ростовский тандем, который создаёт уличные работы с яркими цветами и приятгательными мотивирующим фразами. Работа стала новым витком для места на котором некогда рухнул дом. На его месте был запланирован цветочный рынок и именно поэтому художники решили сделать россыпь из огромных цветов по двум стенам!", "photo": "", "delay_after_display": null}}, {"model": "culture.step", "pk": 71, "fields": {"type": "text", "content": "Ещё одна работа художника Миши Маркера называется \"Или или\" и находится совсем близко: заверните на Темерницкую от переулка Газетного и пройдите до <a href=\"https://yandex.ru/maps/-/CDQvN88V\">пустыря</a>. Среди стен Вы обнаружите чёткий трафаретный чёрно-белый текст. Он нам и нужен!", "photo": "", "delay_after_display": null}}, {"model": "culture.step", "pk": 72, "fields": {"type": "reflection", "content": "От рынка и обросшего новыми визуальными смыслами места мы попали на улицу пока ещё обветшалую. Как вы ощущаете себя в этом пространстве?", "photo": "", "delay_after_display": null}}, {"model": "culture.step", "pk": 73, "fields": {"type": "photo", "content": "Текстовую работу создал известный райтер Миша Маркер. И особенно сильно фраза звучит в руинизированном контексте вокруг, становясь символическим обрамлением фразы «лучше, чем ничего/ хуже, чем было»", "photo": "photos/М2О4_Маркер.jpg", "delay_after_display": null}}, {"model": "culture.step", "pk": 74, "fields": {"type": "text", "content": "Чтобы увидеть следующую работу, придётся немного пройтись. Спуститесь в подземный переход на пересечении улицы Садовой и проспекта Ворошиловского. Затем Вам надо пройти вверх по проспекту Ворошиловскому, завернуть под арку РГЭУ и пройти прямо в неё. Слева Вас будут ждать тёмные кованые ворота и <a href=\"https://yandex.ru/maps/-/CDQvNPnF\">небольшой двор</a> с ярким произведением Андрея Youraw.", "photo": "", "delay_after_display": null}}, {"model": "culture.step", "pk": 75, "fields": {"type": "photo", "content": "Работа создана художником Андреем Youraw и называется «Квартет». Однако, персонажей всего лишь трое.", "photo": "photos/М2О5_Андрей_Youraw.jpg", "delay_after_display": null}}, {"model": "culture.step", "pk": 76, "fields": {"type": "quiz", "content": "Как думаете, кто четвёртый?\r\nЧетвёртый тут лишний\r\nРозовая пантера на стене\r\nСам автор\r\n*Зритель", "photo": "", "delay_after_display": null}}, {"model": "culture.step", "pk": 77, "fields": {"type": "text", "content": "Андрей сам рассказал о своей работе: <i>«Я слушаю много музыки и в какой-то момент, когда я как раз размышлял о фестивале «Ничего страшного», у меня играла песня Blitzkrieg Bop группы Ramones. Я решил, что фразу Hey ho, let's go интегрирую в свою работу. У меня был эскиз на музыкальную тему, я его переработал, нашел подходящие лица музыкантов и нарисовал их в своей стилистике гипертрофированных пропорций. Все было завязано на музыке, моем настроении и том драйве, который заложен в эту композицию. Я покопался в истории группы и узнал, что Blitzkrieg Bop была написана на эмоциональном порыве, когда парни решили все бросить и сорваться на концерт любимой группы. Моя работа тоже об этом. Музыканты вышли оторваться, поиграть классную музыку».</i>", "photo": "", "delay_after_display": null}}, {"model": "culture.step", "pk": 78, "fields": {"type": "text", "content": "А четвёртый в этом квартете становится именно ты, дорогой зритель!", "photo": "", "delay_after_display": 3}}, {"model": "culture.step", "pk": 79, "fields": {"type": "text", "content": "Чтобы добраться до последнего объекта, вам нужно пройти вдоль по переулку Газетный в сторону улица Пушкинская, но не доходить до неё, а завернуть в неприметный и малоэтажный переулок Малый. Пройдя все одноэтажные деревянные дома, Вам откроется вид на парковку с огромным бетонным долгостроем – Вам он и нужен!", "photo": "", "delay_after_display": null}}, {"model": "culture.step", "pk": 80, "fields": {"type": "text", "content": "Удалось найти?", "photo": "", "delay_after_display": null}}, {"model": "culture.step", "pk": 81, "fields": {"type": "continue_button", "content": "Да\r\nНет", "photo": "", "delay_after_display": null}}, {"model": "culture.step", "pk": 82, "fields": {"type": "reflection", "content": "Какие ощущения Вы испытываете, оказываясь в столь заброшенном, но обросшем уличным искусством пространстве?", "photo": "", "delay_after_display": null}}, {"model": "culture.step", "pk": 83, "fields": {"type": "photo", "content": "Последний объект — заброшенный долгострой на переулке Малом. Из-за драматичных обстоятельств, строительство жилого дома так и застыло на пятом с половиной этаже и не сдвигается с места уже более двадцати лет. Но это даёт почву для уличных художников создавать собственные работы и наращивать новые визуальные смыслы вокруг серых бетонных блоков. От фестивальных работ «Ничего страшного» мы дошли с Вами до живого места соревнования в мастерстве уличных художников.", "photo": "photos/М2О6_Спот_на_Малом.jpeg", "delay_after_display": null}}, {"model": "culture.step", "pk": 84, "fields": {"type": "text", "content": "Это место скрыто от глаз и шума сигналов светофоров и является крайне важным местом для всех причастных к уличной культуре. Предлагаем Вам его осмотреть и даже стать коллекционером уличного искусства, просто сделав несколько кадров понравившихся работ. Возможно, уже через неделю их перекроет другой художник, ведь спот – место свободного выражения творческих задумок, которые часто перекрывают другие работы.", "photo": "", "delay_after_display": null}}, {"model": "culture.step", "pk": 85, "fields": {"type": "photo", "content": "Наша прогулка будет достаточно протяженной. Чтобы вы могли сориентироваться, предлагаем вам ознакомиться с картой маршрута.", "photo": "photos/М3_карта.png", "delay_after_display": 20}}, {"model": "culture.step", "pk": 86, "fields": {"type": "text", "content": "Маршрут начинается на <a href=\"https://yandex.ru/maps/-/CDQvVJLB\">смотровой площадке</a> напротив памятника Г. Я. Седову (ул. Нижнебульварная, 14). Просто нажмите кнопку, когда будете в месте старта.", "photo": "", "delay_after_display": null}}, {"model": "culture.step", "pk": 87, "fields": {"type": "text", "content": "Маршрут начинается на <a href=\"https://yandex.ru/maps/-/CDQvVNLV\">смотровой площадке</a> напротив памятника Г. Я. Седову. Просто нажмите кнопку, когда будете в месте старта.", "photo": "", "delay_after_display": null}}, {"model": "culture.step", "pk": 88, "fields": {"type": "text", "content": "Мы неслучайно оказались с Вами на смотровой площадке. С неё и вправду открывается интересный вид на город. Давайте начнём нашу медиацию с небольшой практики и попробуем в течение 3-4 минут всмотреться в вид, который открывается на Левый берег, осмотреть особенности самой смотровой площадки и всё, что находится вокруг неё.", "photo": "", "delay_after_display": 120}}, {"model": "culture.step", "pk": 89, "fields": {"type": "photo", "content": "Первая работа находится неподалёку: от смотровой площадки вам нужно развернуться лицом в сторону улицы Седова. Там будет виднеться большой забор, а под ним - яркие цветы, перед которыми вам нужно остановиться.", "photo": "photos/М3О1_Ламонов.jpg", "delay_after_display": null}}, {"model": "culture.step", "pk": 90, "fields": {"type": "text", "content": "Удалось найти работу?", "photo": "", "delay_after_display": null}}, {"model": "culture.step", "pk": 91, "fields": {"type": "text", "content": "Работа московского художника Дмитрия Ламонова. Дмитрий вдохновился традиционным узором хохломы и переплёл её с яркими пикселями виртуального мира. Во время пребывания в Ростове художник ознакомился с традиционной семикаракорской росписью и, возможно, в скором времени мы увидим и этот узор на работах Дмитрий Ламонова. Здание, на котором по большей части располагались цветы, к сожалению подвергли сносу. Но часть работу осталась на кирпичной лестнице снизу.", "photo": "", "delay_after_display": null}}, {"model": "culture.step", "pk": 92, "fields": {"type": "text", "content": "Следующая работа «Девушка», авторства Ильи Мозги, находится неподалёку. Вам необходимо дойти до пересечения улицы Седова и проспекта Чехова и обратить внимание на белеющую трансформаторную будку справа.", "photo": "", "delay_after_display": null}}, {"model": "culture.step", "pk": 93, "fields": {"type": "continue_button", "content": "Я на месте\r\nНе могу найти", "photo": "", "delay_after_display": null}}, {"model": "culture.step", "pk": 94, "fields": {"type": "text", "content": "Нашли?", "photo": "", "delay_after_display": null}}, {"model": "culture.step", "pk": 95, "fields": {"type": "reflection", "content": "После остатков работы Дмитрия Ламонова, черно-белая работа Ильи Мозги, нарушает серость этого элемента. Как думаете о чем она? Какие ощущения в вас вызывает?", "photo": "", "delay_after_display": null}}, {"model": "culture.step", "pk": 96, "fields": {"type": "text", "content": "Илья Мозги так рассказал о работе: <i>«Мне сложно описать этот образ, я интерпретирую его по-своему, и пусть зрители сделают свои выводы. Лодка на водной мели, ее оставили, человек ушел. Кто хозяин лодки? Девушка? Человек бросил лодку и выдерживает паузу, чтобы продолжить свой путь? Или он ее бросил насовсем? Это вопросы для рассуждения».</i>", "photo": "", "delay_after_display": null}}, {"model": "culture.step", "pk": 97, "fields": {"type": "photo", "content": "", "photo": "photos/М3О2_Мозги_1.jpg", "delay_after_display": null}}, {"model": "culture.step", "pk": 98, "fields": {"type": "photo", "content": "", "photo": "photos/М3О2_Мозги_2.jpg", "delay_after_display": null}}, {"model": "culture.step", "pk": 99, "fields": {"type": "photo", "content": "Чтобы добраться до ещё одной интересной работы, нужно пройти вверх по проспекту Чехова, повернуть по улице Красных Зорь и дойти до многоэтажного дома номер 23. Обратите внимание на стену между домами. Именно на ней расположился яркий рисунок Максима Имы!", "photo": "photos/М3О3_Има.jpg", "delay_after_display": null}}, {"model": "culture.step", "pk": 100, "fields": {"type": "text", "content": "Эту работу сделал уличный художник, родом из Колпино, – Максим Има. Максим уже долгие годы создаёт муралы и тэги, участвует в крупных выставочных проектах и выпустил серию зинов с собственной графикой.  <i>«Я бы определил свой стиль одной из работ, которую уже делал: «Уровень любительский, но сделано с любовью». Во всех моих работах идея до конца не сформирована, у меня была цель найти место, с которым можно как-то повзаимодействовать»</i> – так охарактеризовал свой творческий метод Максим. Именно эта цитата стала названием для нашего маршрута!", "photo": "", "delay_after_display": null}}, {"model": "culture.step", "pk": 101, "fields": {"type": "reflection", "content": "Как думаете, как именно взаимодействует с местностью Максим Има в этой работе?", "photo": "", "delay_after_display": null}}, {"model": "culture.step", "pk": 102, "fields": {"type": "text", "content": "<i>«Была создана вот такая абстрактно-цветочная композиция, где ствол дерева уходит в верхнюю часть стены и визуально с определенной точки является началом живого дерева, которое растет на уровне второго этажа. Смысл здесь очень простой. Мне хотелось показать, что граффити и стрит-арт вполне могут дополнять городскую среду, а не только ее деструктурировать»</i> – продолжает Максим в комментарии к произведению.", "photo": "", "delay_after_display": null}}, {"model": "culture.step", "pk": 103, "fields": {"type": "text", "content": "Действительно, если задуматься, уличное искусство часто процветает в заброшенных или разрушенных зданиях, словно становясь ещё одним следом в череде разрушений. Но так бывает не всегда. Например, здесь – работа Максима становится гармоничным продолжением дерева и ярким переходом между двумя многоквартирными домами.", "photo": "", "delay_after_display": null}}, {"model": "culture.step", "pk": 104, "fields": {"type": "text", "content": "Далее, нам необходимо повернуть назад по улице Красных Зорь и дойти до пересечения с переулков Крыловским. Вверх по Крыловскому (по правой стороне) Вам необходимо дойти до дома номера 14, прямо за ним окажется <a href=\"https://yandex.ru/maps/-/CDQvV-Zf\">пустырь</a> с работой Ильи Мозги.", "photo": "", "delay_after_display": null}}, {"model": "culture.step", "pk": 105, "fields": {"type": "photo", "content": "Эта вторая на нашем маршруте сделанная Ильей Мозги в рамках фестиваля «Ничего страшного» летом 2022 года", "photo": "photos/М3О4_Мозги.jpg", "delay_after_display": null}}, {"model": "culture.step", "pk": 106, "fields": {"type": "text", "content": "<i>«Центральная часть Ростова обладает особым шармом угасающей красоты. Кварталы былого наследия не ремонтируется, либо не подлежат восстановлению. К слову, при мне сносили несколько объектов в разных местах города. Тяжело смотреть на ветхую историческую застройку, но жить на развалинах не легче»</i> – весьма острой вопрос поднимает Илья Мозги в своём произведении, нанося буквы на фасад с ещё застеклённым окном и небольшим кусочком уцелевших обоев.", "photo": "", "delay_after_display": null}}, {"model": "culture.step", "pk": 107, "fields": {"type": "reflection", "content": "Попробуйте повзаимодействовать с этой работой! Как думаете почему фраза написана зеркальным способом?", "photo": "", "delay_after_display": null}}, {"model": "culture.step", "pk": 108, "fields": {"type": "text", "content": "Возможно, если включить фронтальную камеру телефона, произойдет неожиданный эффект от её прочтения.", "photo": "", "delay_after_display": 20}}, {"model": "culture.step", "pk": 109, "fields": {"type": "photo", "content": "Перед Вами  интересная работы, созданная ростовским уличным художником – Даней Ночь. <i>«Стену для своей работы на фестивале \"Ничего страшного\" я выбрал из-за фактуры. К ней хочется проявить уважение. Она уже не молода и многое повидала. Я знал, что с ней будет не просто, но тем интересней. Я видел в ней красоту, которую попытался раскрыть через свою работу. Мне хотелось отразить двойственность мира, в котором мы живем. Цветы здесь символизируют природу – естественную среду, а двоичный код - искусственную цифровую. Мы и там и там, как будто в пограничном, переходном состоянии. \"Пусть цветут все цветы\" - это не только о цветах. Это и о цифрах. В единицах и нулях шифруется информация, если единицы и нули цветут - данные распространяются. И раз уж мы живем в двух мирах, пусть цветут и цветы, и цифры»</i> – пишет Даня.", "photo": "photos/М3О5_Ночь.jpg", "delay_after_display": null}}, {"model": "culture.step", "pk": 110, "fields": {"type": "text", "content": "Нашли стену с работой?", "photo": "", "delay_after_display": null}}, {"model": "culture.step", "pk": 111, "fields": {"type": "continue_button", "content": "Да\r\nНе могу найти", "photo": "", "delay_after_display": null}}, {"model": "culture.step", "pk": 112, "fields": {"type": "quiz", "content": "Предлагаем Вам подойти ближе к работе, которую весь тяжело опознать из-за веток деревьев. Но среди них затаились цветы и фраза. Какая?\r\nПусть цветут все мечты\r\nПусть бегут все коты\r\n*Пусть цветут все цветы\r\nПусть бегут неуклюже пешеходы по лужам", "photo": "", "delay_after_display": null}}, {"model": "culture.step", "pk": 113, "fields": {"type": "reflection", "content": "Какие ещё детали цепляют Ваше внимание?", "photo": "", "delay_after_display": null}}, {"model": "culture.step", "pk": 114, "fields": {"type": "text", "content": "Следующей точкой в нашем маршруте будет работа, нанесённая на стену, оставшуюся от дома. Чтобы до него добраться, Вам необходимо подняться вверх по переулку Крыловскому до улицы Петровской, 12.", "photo": "", "delay_after_display": null}}, {"model": "culture.step", "pk": 115, "fields": {"type": "text", "content": "Это очень частый персонаж, то есть керек (от англ. character), авторства ростовского граффитчка. Зовут персонажа Хорошогр и создан он, чтобы поднимать настроение всем вокруг, даже своим именем говоря: «всё будет хорошогр!»", "photo": "", "delay_after_display": null}}, {"model": "culture.step", "pk": 116, "fields": {"type": "continue_button", "content": "Где следующий объект?", "photo": "", "delay_after_display": null}}, {"model": "culture.step", "pk": 117, "fields": {"type": "text", "content": "Совсем недалеко, но придётся пройтись немного в горку - вдоль по переулку Университетский до Нотариальной палаты (номер дома - 30). Повернуть налево и открыть среди гаражей место свободного творчества уличных художников — спот!", "photo": "", "delay_after_display": null}}, {"model": "culture.step", "pk": 118, "fields": {"type": "continue_button", "content": "Найдено\r\nА точнее, куда идти?", "photo": "", "delay_after_display": null}}, {"model": "culture.step", "pk": 119, "fields": {"type": "photo", "content": "На фотографии спота запечатлена работа Максима Имы в январе 2023. Но вскоре она была перекрыта другим автором. И здесь так происходит постоянно. Новые работы появляются каждую неделю! Предлагаем Вам захватить момент щелчком фотокамеры и стать своего рода коллекционером этого момента и жизни уличного искусства Ростова. Подобное явление фотодокументации подвижного и моментального уличного искусства имеет название — <b><i>стрит-хантерство</i></b>.", "photo": "photos/М3О6_спот.jpg", "delay_after_display": null}}, {"model": "culture.step", "pk": 120, "fields": {"type": "text", "content": "Мы завели Вас в место о котором знают только уличные художники — <b><i>спот</i></b>. Это место, где каждую неделю появляются новые работы, а авторы перекрывают друг друга, ведь в таких местах нет ограничений. Только свобода творчества!", "photo": "", "delay_after_display": null}}, {"model": "culture.step", "pk": 121, "fields": {"type": "continue_button", "content": "Готово", "photo": "", "delay_after_display": null}}, {"model": "culture.step", "pk": 122, "fields": {"type": "photo", "content": "Далее, Вам нужно вновь вернуться к Нотариальной палате на пер. Университетском и пройти за её фронтальную часть. Тогда взгляду откроется роскошный ковёр Антона Сакво, спрятавшийся прямо позади дома номер 30!", "photo": "photos/М3О7_Сакво.jpg", "delay_after_display": null}}, {"model": "culture.step", "pk": 123, "fields": {"type": "continue_button", "content": "Масштабно...", "photo": "", "delay_after_display": null}}, {"model": "culture.step", "pk": 124, "fields": {"type": "text", "content": "Почти все произведения уличных художников на нашем маршруте <b><i>сайт-специфичный</i></b> (от англ. site-specific) – то есть так или иначе взаимодействуют с городским пространством или особенностями дома. Вот и здесь, протянувшаяся вдоль фасада трещина иронично прикрыта Антоном Сакво ковром. Если приглядеться, на нём Вы можете разглядеть буквы С, А. К, В и О.", "photo": "", "delay_after_display": null}}, {"model": "culture.step", "pk": 125, "fields": {"type": "reflection", "content": "Как вам ирония художника?", "photo": "", "delay_after_display": null}}, {"model": "culture.step", "pk": 126, "fields": {"type": "photo", "content": "Чтобы увидеть следующую работу, вам нужно пройти через «Ковёр» Антона Сакво, пройти вверх, выйти из тёмных ворот и окончательно выбраться на ул. Социалистическую. Пройдя немного налево по ул. Социалистической, Вы обнаружите вот такую трансформаторную будку, расписанную Анастасией Бабич.", "photo": "photos/М3О8_Бабич.jpg", "delay_after_display": null}}, {"model": "culture.step", "pk": 127, "fields": {"type": "text", "content": "<i>«Сюжет работы был придуман мной в состоянии влюблённости, поэтому к этой русалке у меня очень тёплые чувства. Конечно, это своеобразный автопортрет моего состояния на тот момент. Морская тема для меня всегда была близкой и для идеальной жизни в Ростове не хватало только моря. \r\n«Закрой глаза» и «открой своё сердце» – мой основной посыл. Я хочу сказать о том, что главный ориентир в самых важных вопросах всегда находится внутри нас самих. Очень важно держать сердце открытым, чтобы понимать этот мир. Иногда для этого приходится «закрыть глаза» и прислушаться к себе. Часто это позволяет обрести спокойствие. На другой стороне здания композицию дополняет маяк. Маяк - мой любимый образ в творчестве. В путешествиях я всегда стремлюсь к местам, где можно посмотреть и порисовать маяки. Он как реальный ориентир верного пути, ориентир, который мы ищем в жизни, и который всегда есть в нашем сердце»</i> – поясняет Анастасия Бабич, создательница этой реалистичной и сказочной одновременно работы.", "photo": "", "delay_after_display": null}}, {"model": "culture.step", "pk": 128, "fields": {"type": "text", "content": "Рядом с работой Анастасии Вы можете присесть на лавочки (они расположились слева), закрыть глаза и открыть сердце собственным воспоминаниям о городе, сделав своеобразную карту. В течение 3-4 минут Вы можете представить карту города без названий улиц и нумерации домов, а наполнять лишь воспоминаниями: какой-то район вдруг окажется удивительно богат на радостные события, а какой-то останется серой зоной и поводом для дальнейших исследований.", "photo": "", "delay_after_display": 60}}, {"model": "culture.step", "pk": 129, "fields": {"type": "text", "content": "Если вы готовы, можете отправиться к следующему объекту. Вам необходимо пройти к подземному переходу на ул. Большой Садовой, затем пересечь его, подняться вверх по переулку Университетскому до улицы Суворова и повернуть направо до дома 52. Добрались?", "photo": "", "delay_after_display": null}}, {"model": "culture.step", "pk": 130, "fields": {"type": "continue_button", "content": "Да!\r\nА точнее, где это?", "photo": "", "delay_after_display": null}}, {"model": "culture.step", "pk": 131, "fields": {"type": "photo", "content": "Дадим слово художнику Вадиму Слуфу: <i>«Работа, которую я сделал на фасаде креативного кластера С52, про поиски человеком т.н. «Взрослости», про то, что многие из нас так и не взрослеют по-настоящему, оставаясь детьми и создавая себе и окружающим проблемы в путешествии по этому океану на лодке из парка аттракционов, иногда боясь заплыть за буйки, за которыми такая смешная лодка не выдержит и минуты, и нужно пересесть на что-то «посерьёзнее».</i>", "photo": "photos/М3О9_Слуф.jpg", "delay_after_display": null}}, {"model": "culture.step", "pk": 132, "fields": {"type": "reflection", "content": "Что Вы видите на работе Вадима Слуфа «Взрослость»? Как думаете, что это за персонаж перед нами? Какая у него история? Почему он вдруг оказался на резиновой утке?", "photo": "", "delay_after_display": null}}, {"model": "culture.step", "pk": 133, "fields": {"type": "photo", "content": "К заключительной точке маршрута Вам нужно сделать небольшой разворот назад: по улице Суворова вернуться на пер. Университетский и дойти до мурала на фасаде дома 52.", "photo": "photos/М3О10_Мсидос_1.jpg", "delay_after_display": null}}, {"model": "culture.step", "pk": 134, "fields": {"type": "photo", "content": "Вот, что пишет о своей работе автор: <i>«Идея мурала висит в воздухе – это проблемы всего мира с экологией. Саму работу я очень хотел бы назвать \"весна\". С одним но, потому что хочется вдохнуть, а не получается, вокруг цокотят дизеля, горит топливо и работают заводы. Одна надежда на то, что природа сможет все это переварить. Поэтому в работе изображено то, чего мне лично очень не хватает – много зелени, птиц и свежего воздуха. \r\n\r\nЭта работа тоже экспериментальная, она яркая, лёгкая, но, с другой стороны, есть тяжеловатое послевкусие. Нам всем пора снять скафандры, вылезти из своих коробок, и подышать тем воздухом, который мы имеем».</i>", "photo": "photos/М3О10_Мсидос_2.jpg", "delay_after_display": null}}, {"model": "culture.step", "pk": 135, "fields": {"type": "reflection", "content": "А чего вам не хватает в городском пространстве?", "photo": "", "delay_after_display": null}}, {"model": "culture.step", "pk": 136, "fields": {"type": "continue_button", "content": "Да\r\nНет, не могу", "photo": "", "delay_after_display": null}}, {"model": "culture.routestage", "pk": 1, "fields": {"route": 1, "stage": 1, "stage_priority": 10}}, {"model": "culture.routestage", "pk": 2, "fields": {"route": 1, "stage": 2, "stage_priority": 20}}, {"model": "culture.routestage", "pk": 3, "fields": {"route": 1, "stage": 3, "stage_priority": 30}}, {"model": "culture.routestage", "pk": 4, "fields": {"route": 1, "stage": 4, "stage_priority": 40}}, {"model": "culture.routestage", "pk": 5, "fields": {"route": 1, "stage": 5, "stage_priority": 50}}, {"model": "culture.routestage", "pk": 6, "fields": {"route": 1, "stage": 6, "stage_priority": 60}}, {"model": "culture.routestage", "pk": 7, "fields": {"route": 1, "stage": 7, "stage_priority": 70}}, {"model": "culture.routestage", "pk": 8, "fields": {"route": 1, "stage": 8, "stage_priority": 80}}, {"model": "culture.routestage", "pk": 9, "fields": {"route": 1, "stage": 9, "stage_priority": 90}}, {"model": "culture.routestage", "pk": 10, "fields": {"route": 1, "stage": 10, "stage_priority": 100}}, {"model": "culture.routestage", "pk": 11, "fields": {"route": 2, "stage": 11, "stage_priority": 20}}, {"model": "culture.routestage", "pk": 12, "fields": {"route": 2, "stage": 1, "stage_priority": 10}}, {"model": "culture.routestage", "pk": 13, "fields": {"route": 2, "stage": 12, "stage_priority": 30}}, {"model": "culture.routestage", "pk": 14, "fields": {"route": 2, "stage": 13, "stage_priority": 40}}, {"model": "culture.routestage", "pk": 15, "fields": {"route": 2, "stage": 14, "stage_priority": 50}}, {"model": "culture.routestage", "pk": 16, "fields": {"route": 2, "stage": 15, "stage_priority": 60}}, {"model": "culture.routestage", "pk": 17, "fields": {"route": 2, "stage": 16, "stage_priority": 70}}, {"model": "culture.routestage", "pk": 18, "fields": {"route": 2, "stage": 17, "stage_priority": 80}}, {"model": "culture.routestage", "pk": 19, "fields": {"route": 3, "stage": 1, "stage_priority": 10}}, {"model": "culture.routestage", "pk": 20, "fields": {"route": 3, "stage": 18, "stage_priority": 20}}, {"model": "culture.routestage", "pk": 21, "fields": {"route": 3, "stage": 19, "stage_priority": 30}}, {"model": "culture.routestage", "pk": 22, "fields": {"route": 3, "stage": 20, "stage_priority": 40}}, {"model": "culture.routestage", "pk": 23, "fields": {"route": 3, "stage": 21, "stage_priority": 50}}, {"model": "culture.routestage", "pk": 24, "fields": {"route": 3, "stage": 22, "stage_priority": 60}}, {"model": "culture.routestage", "pk": 25, "fields": {"route": 3, "stage": 23, "stage_priority": 70}}, {"model": "culture.routestage", "pk": 26, "fields": {"route": 3, "stage": 24, "stage_priority": 80}}, {"model": "culture.routestage", "pk": 27, "fields": {"route": 3, "stage": 25, "stage_priority": 90}}, {"model": "culture.routestage", "pk": 28, "fields": {"route": 3, "stage": 26, "stage_priority": 100}}, {"model": "culture.routestage", "pk": 29, "fields": {"route": 3, "stage": 27, "stage_priority": 110}}, {"model": "culture.routestage", "pk": 30, "fields": {"route": 3, "stage": 28, "stage_priority": 120}}, {"model": "culture.stagestep", "pk": 1, "fields": {"stage": 1, "step": 1, "step_priority": 10}}, {"model": "culture.stagestep", "pk": 3, "fields": {"stage": 2, "step": 3, "step_priority": 10}}, {"model": "culture.stagestep", "pk": 4, "fields": {"stage": 3, "step": 4, "step_priority": 10}}, {"model": "culture.stagestep", "pk": 5, "fields": {"stage": 3, "step": 5, "step_priority": 20}}, {"model": "culture.stagestep", "pk": 6, "fields": {"stage": 3, "step": 6, "step_priority": 30}}, {"model": "culture.stagestep", "pk": 7, "fields": {"stage": 3, "step": 7, "step_priority": 40}}, {"model": "culture.stagestep", "pk": 8, "fields": {"stage": 4, "step": 8, "step_priority": 10}}, {"model": "culture.stagestep", "pk": 9, "fields": {"stage": 3, "step": 9, "step_priority": 90}}, {"model": "culture.stagestep", "pk": 10, "fields": {"stage": 3, "step": 10, "step_priority": 100}}, {"model": "culture.stagestep", "pk": 11, "fields": {"stage": 3, "step": 11, "step_priority": 110}}, {"model": "culture.stagestep", "pk": 12, "fields": {"stage": 3, "step": 12, "step_priority": 120}}, {"model": "culture.stagestep", "pk": 13, "fields": {"stage": 3, "step": 13, "step_priority": 130}}, {"model": "culture.stagestep", "pk": 14, "fields": {"stage": 3, "step": 14, "step_priority": 140}}, {"model": "culture.stagestep", "pk": 15, "fields": {"stage": 4, "step": 15, "step_priority": 20}}, {"model": "culture.stagestep", "pk": 16, "fields": {"stage": 4, "step": 16, "step_priority": 30}}, {"model": "culture.stagestep", "pk": 17, "fields": {"stage": 4, "step": 17, "step_priority": 40}}, {"model": "culture.stagestep", "pk": 18, "fields": {"stage": 4, "step": 18, "step_priority": 50}}, {"model": "culture.stagestep", "pk": 19, "fields": {"stage": 4, "step": 19, "step_priority": 60}}, {"model": "culture.stagestep", "pk": 20, "fields": {"stage": 4, "step": 20, "step_priority": 70}}, {"model": "culture.stagestep", "pk": 21, "fields": {"stage": 4, "step": 21, "step_priority": 80}}, {"model": "culture.stagestep", "pk": 22, "fields": {"stage": 4, "step": 22, "step_priority": 90}}, {"model": "culture.stagestep", "pk": 25, "fields": {"stage": 3, "step": 25, "step_priority": 60}}, {"model": "culture.stagestep", "pk": 26, "fields": {"stage": 3, "step": 26, "step_priority": 70}}, {"model": "culture.stagestep", "pk": 27, "fields": {"stage": 3, "step": 27, "step_priority": 80}}, {"model": "culture.stagestep", "pk": 30, "fields": {"stage": 5, "step": 30, "step_priority": 20}}, {"model": "culture.stagestep", "pk": 31, "fields": {"stage": 5, "step": 31, "step_priority": 30}}, {"model": "culture.stagestep", "pk": 32, "fields": {"stage": 5, "step": 32, "step_priority": 50}}, {"model": "culture.stagestep", "pk": 33, "fields": {"stage": 5, "step": 33, "step_priority": 70}}, {"model": "culture.stagestep", "pk": 34, "fields": {"stage": 5, "step": 34, "step_priority": 10}}, {"model": "culture.stagestep", "pk": 35, "fields": {"stage": 6, "step": 37, "step_priority": 10}}, {"model": "culture.stagestep", "pk": 36, "fields": {"stage": 6, "step": 36, "step_priority": 20}}, {"model": "culture.stagestep", "pk": 37, "fields": {"stage": 6, "step": 41, "step_priority": 30}}, {"model": "culture.stagestep", "pk": 38, "fields": {"stage": 6, "step": 38, "step_priority": 50}}, {"model": "culture.stagestep", "pk": 39, "fields": {"stage": 6, "step": 39, "step_priority": 60}}, {"model": "culture.stagestep", "pk": 41, "fields": {"stage": 6, "step": 22, "step_priority": 80}}, {"model": "culture.stagestep", "pk": 42, "fields": {"stage": 7, "step": 42, "step_priority": 10}}, {"model": "culture.stagestep", "pk": 43, "fields": {"stage": 7, "step": 36, "step_priority": 20}}, {"model": "culture.stagestep", "pk": 44, "fields": {"stage": 6, "step": 43, "step_priority": 40}}, {"model": "culture.stagestep", "pk": 45, "fields": {"stage": 7, "step": 44, "step_priority": 30}}, {"model": "culture.stagestep", "pk": 46, "fields": {"stage": 7, "step": 45, "step_priority": 40}}, {"model": "culture.stagestep", "pk": 47, "fields": {"stage": 8, "step": 46, "step_priority": 10}}, {"model": "culture.stagestep", "pk": 48, "fields": {"stage": 8, "step": 47, "step_priority": 20}}, {"model": "culture.stagestep", "pk": 49, "fields": {"stage": 8, "step": 48, "step_priority": 30}}, {"model": "culture.stagestep", "pk": 50, "fields": {"stage": 9, "step": 49, "step_priority": 10}}, {"model": "culture.stagestep", "pk": 51, "fields": {"stage": 9, "step": 50, "step_priority": 30}}, {"model": "culture.stagestep", "pk": 52, "fields": {"stage": 9, "step": 51, "step_priority": 20}}, {"model": "culture.stagestep", "pk": 53, "fields": {"stage": 10, "step": 52, "step_priority": 10}}, {"model": "culture.stagestep", "pk": 54, "fields": {"stage": 10, "step": 53, "step_priority": 20}}, {"model": "culture.stagestep", "pk": 55, "fields": {"stage": 10, "step": 54, "step_priority": 30}}, {"model": "culture.stagestep", "pk": 60, "fields": {"stage": 11, "step": 56, "step_priority": 10}}, {"model": "culture.stagestep", "pk": 61, "fields": {"stage": 12, "step": 58, "step_priority": 10}}, {"model": "culture.stagestep", "pk": 62, "fields": {"stage": 12, "step": 7, "step_priority": 20}}, {"model": "culture.stagestep", "pk": 63, "fields": {"stage": 12, "step": 59, "step_priority": 30}}, {"model": "culture.stagestep", "pk": 64, "fields": {"stage": 12, "step": 60, "step_priority": 40}}, {"model": "culture.stagestep", "pk": 65, "fields": {"stage": 12, "step": 61, "step_priority": 50}}, {"model": "culture.stagestep", "pk": 66, "fields": {"stage": 13, "step": 62, "step_priority": 10}}, {"model": "culture.stagestep", "pk": 67, "fields": {"stage": 13, "step": 36, "step_priority": 20}}, {"model": "culture.stagestep", "pk": 68, "fields": {"stage": 13, "step": 64, "step_priority": 40}}, {"model": "culture.stagestep", "pk": 69, "fields": {"stage": 13, "step": 65, "step_priority": 30}}, {"model": "culture.stagestep", "pk": 73, "fields": {"stage": 13, "step": 66, "step_priority": 50}}, {"model": "culture.stagestep", "pk": 74, "fields": {"stage": 5, "step": 66, "step_priority": 60}}, {"model": "culture.stagestep", "pk": 75, "fields": {"stage": 14, "step": 68, "step_priority": 10}}, {"model": "culture.stagestep", "pk": 76, "fields": {"stage": 14, "step": 30, "step_priority": 20}}, {"model": "culture.stagestep", "pk": 77, "fields": {"stage": 14, "step": 31, "step_priority": 30}}, {"model": "culture.stagestep", "pk": 78, "fields": {"stage": 14, "step": 69, "step_priority": 40}}, {"model": "culture.stagestep", "pk": 79, "fields": {"stage": 14, "step": 70, "step_priority": 50}}, {"model": "culture.stagestep", "pk": 80, "fields": {"stage": 15, "step": 71, "step_priority": 10}}, {"model": "culture.stagestep", "pk": 81, "fields": {"stage": 15, "step": 36, "step_priority": 20}}, {"model": "culture.stagestep", "pk": 82, "fields": {"stage": 15, "step": 72, "step_priority": 30}}, {"model": "culture.stagestep", "pk": 83, "fields": {"stage": 15, "step": 73, "step_priority": 40}}, {"model": "culture.stagestep", "pk": 84, "fields": {"stage": 16, "step": 74, "step_priority": 10}}, {"model": "culture.stagestep", "pk": 85, "fields": {"stage": 16, "step": 7, "step_priority": 20}}, {"model": "culture.stagestep", "pk": 86, "fields": {"stage": 16, "step": 75, "step_priority": 30}}, {"model": "culture.stagestep", "pk": 87, "fields": {"stage": 16, "step": 76, "step_priority": 40}}, {"model": "culture.stagestep", "pk": 88, "fields": {"stage": 16, "step": 77, "step_priority": 50}}, {"model": "culture.stagestep", "pk": 90, "fields": {"stage": 17, "step": 79, "step_priority": 10}}, {"model": "culture.stagestep", "pk": 91, "fields": {"stage": 17, "step": 80, "step_priority": 20}}, {"model": "culture.stagestep", "pk": 92, "fields": {"stage": 17, "step": 81, "step_priority": 30}}, {"model": "culture.stagestep", "pk": 93, "fields": {"stage": 17, "step": 82, "step_priority": 50}}, {"model": "culture.stagestep", "pk": 94, "fields": {"stage": 17, "step": 83, "step_priority": 40}}, {"model": "culture.stagestep", "pk": 95, "fields": {"stage": 17, "step": 84, "step_priority": 60}}, {"model": "culture.stagestep", "pk": 96, "fields": {"stage": 18, "step": 85, "step_priority": 10}}, {"model": "culture.stagestep", "pk": 98, "fields": {"stage": 18, "step": 87, "step_priority": 20}}, {"model": "culture.stagestep", "pk": 99, "fields": {"stage": 18, "step": 7, "step_priority": 30}}, {"model": "culture.stagestep", "pk": 100, "fields": {"stage": 18, "step": 88, "step_priority": 40}}, {"model": "culture.stagestep", "pk": 101, "fields": {"stage": 19, "step": 89, "step_priority": 10}}, {"model": "culture.stagestep", "pk": 102, "fields": {"stage": 19, "step": 90, "step_priority": 20}}, {"model": "culture.stagestep", "pk": 103, "fields": {"stage": 19, "step": 47, "step_priority": 30}}, {"model": "culture.stagestep", "pk": 104, "fields": {"stage": 19, "step": 91, "step_priority": 40}}, {"model": "culture.stagestep", "pk": 105, "fields": {"stage": 20, "step": 92, "step_priority": 10}}, {"model": "culture.stagestep", "pk": 106, "fields": {"stage": 20, "step": 94, "step_priority": 20}}, {"model": "culture.stagestep", "pk": 107, "fields": {"stage": 20, "step": 136, "step_priority": 30}}, {"model": "culture.stagestep", "pk": 108, "fields": {"stage": 20, "step": 95, "step_priority": 60}}, {"model": "culture.stagestep", "pk": 109, "fields": {"stage": 20, "step": 96, "step_priority": 70}}, {"model": "culture.stagestep", "pk": 110, "fields": {"stage": 20, "step": 97, "step_priority": 40}}, {"model": "culture.stagestep", "pk": 111, "fields": {"stage": 20, "step": 98, "step_priority": 50}}, {"model": "culture.stagestep", "pk": 112, "fields": {"stage": 21, "step": 99, "step_priority": 10}}, {"model": "culture.stagestep", "pk": 113, "fields": {"stage": 21, "step": 31, "step_priority": 20}}, {"model": "culture.stagestep", "pk": 114, "fields": {"stage": 21, "step": 100, "step_priority": 30}}, {"model": "culture.stagestep", "pk": 115, "fields": {"stage": 21, "step": 101, "step_priority": 40}}, {"model": "culture.stagestep", "pk": 116, "fields": {"stage": 21, "step": 102, "step_priority": 50}}, {"model": "culture.stagestep", "pk": 117, "fields": {"stage": 21, "step": 103, "step_priority": 60}}, {"model": "culture.stagestep", "pk": 118, "fields": {"stage": 21, "step": 22, "step_priority": 70}}, {"model": "culture.stagestep", "pk": 119, "fields": {"stage": 22, "step": 104, "step_priority": 10}}, {"model": "culture.stagestep", "pk": 120, "fields": {"stage": 22, "step": 63, "step_priority": 20}}, {"model": "culture.stagestep", "pk": 121, "fields": {"stage": 22, "step": 105, "step_priority": 30}}, {"model": "culture.stagestep", "pk": 122, "fields": {"stage": 22, "step": 106, "step_priority": 60}}, {"model": "culture.stagestep", "pk": 123, "fields": {"stage": 22, "step": 107, "step_priority": 40}}, {"model": "culture.stagestep", "pk": 124, "fields": {"stage": 22, "step": 108, "step_priority": 50}}, {"model": "culture.stagestep", "pk": 125, "fields": {"stage": 23, "step": 109, "step_priority": 60}}, {"model": "culture.stagestep", "pk": 126, "fields": {"stage": 23, "step": 110, "step_priority": 20}}, {"model": "culture.stagestep", "pk": 127, "fields": {"stage": 23, "step": 111, "step_priority": 30}}, {"model": "culture.stagestep", "pk": 128, "fields": {"stage": 23, "step": 112, "step_priority": 40}}, {"model": "culture.stagestep", "pk": 129, "fields": {"stage": 23, "step": 113, "step_priority": 50}}, {"model": "culture.stagestep", "pk": 130, "fields": {"stage": 23, "step": 114, "step_priority": 10}}, {"model": "culture.stagestep", "pk": 131, "fields": {"stage": 9, "step": 115, "step_priority": 40}}, {"model": "culture.stagestep", "pk": 132, "fields": {"stage": 23, "step": 116, "step_priority": 70}}, {"model": "culture.stagestep", "pk": 133, "fields": {"stage": 24, "step": 117, "step_priority": 10}}, {"model": "culture.stagestep", "pk": 134, "fields": {"stage": 24, "step": 118, "step_priority": 20}}, {"model": "culture.stagestep", "pk": 135, "fields": {"stage": 24, "step": 119, "step_priority": 40}}, {"model": "culture.stagestep", "pk": 136, "fields": {"stage": 24, "step": 120, "step_priority": 30}}, {"model": "culture.stagestep", "pk": 137, "fields": {"stage": 24, "step": 121, "step_priority": 50}}, {"model": "culture.stagestep", "pk": 138, "fields": {"stage": 25, "step": 122, "step_priority": 10}}, {"model": "culture.stagestep", "pk": 139, "fields": {"stage": 25, "step": 123, "step_priority": 20}}, {"model": "culture.stagestep", "pk": 140, "fields": {"stage": 25, "step": 124, "step_priority": 30}}, {"model": "culture.stagestep", "pk": 141, "fields": {"stage": 25, "step": 125, "step_priority": 40}}, {"model": "culture.stagestep", "pk": 142, "fields": {"stage": 26, "step": 126, "step_priority": 10}}, {"model": "culture.stagestep", "pk": 143, "fields": {"stage": 26, "step": 31, "step_priority": 20}}, {"model": "culture.stagestep", "pk": 144, "fields": {"stage": 26, "step": 127, "step_priority": 30}}, {"model": "culture.stagestep", "pk": 145, "fields": {"stage": 26, "step": 128, "step_priority": 40}}, {"model": "culture.stagestep", "pk": 146, "fields": {"stage": 27, "step": 129, "step_priority": 10}}, {"model": "culture.stagestep", "pk": 147, "fields": {"stage": 27, "step": 130, "step_priority": 20}}, {"model": "culture.stagestep", "pk": 148, "fields": {"stage": 27, "step": 131, "step_priority": 30}}, {"model": "culture.stagestep", "pk": 149, "fields": {"stage": 27, "step": 132, "step_priority": 40}}, {"model": "culture.stagestep", "pk": 150, "fields": {"stage": 28, "step": 133, "step_priority": 10}}, {"model": "culture.stagestep", "pk": 151, "fields": {"stage": 28, "step": 36, "step_priority": 20}}, {"model": "culture.stagestep", "pk": 152, "fields": {"stage": 28, "step": 134, "step_priority": 30}}, {"model": "culture.stagestep", "pk": 153, "fields": {"stage": 28, "step": 135, "step_priority": 40}}, {"model": "culture.user", "pk": 279987360, "fields": {"name": "Даниил", "age": 27, "interests": null}}, {"model": "culture.user", "pk": 329013111, "fields": {"name": "Александр", "age": 35, "interests": null}}, {"model": "culture.user", "pk": 362178038, "fields": {"name": "Ярослав", "age": 20, "interests": "Спорт-зал, ночные прогулки, медитация"}}, {"model": "culture.user", "pk": 566770665, "fields": {"name": "Катя", "age": 36, "interests": null}}, {"model": "culture.user", "pk": 794274467, "fields": {"name": "Наталия", "age": 30, "interests": null}}, {"model": "culture.user", "pk": 971532335, "fields": {"name": "Олег", "age": 20, "interests": "Рисование, программирование"}}, {"model": "culture.user", "pk": 991627031, "fields": {"name": "Поли", "age": 35, "interests": null}}, {"model": "culture.user", "pk": 1026325368, "fields": {"name": "Александр", "age": 37, "interests": null}}, {"model": "culture.user", "pk": 1374457334, "fields": {"name": "Даниил", "age": 27, "interests": null}}, {"model": "culture.progress", "pk": 1, "fields": {"user": 329013111, "route": 1, "stage": 3, "started_at": "2023-08-30T01:57:42.498Z", "finished_at": null, "rating": null}}, {"model": "culture.progress", "pk": 2, "fields": {"user": 329013111, "route": 1, "stage": 10, "started_at": "2023-08-30T02:00:56.686Z", "finished_at": "2023-08-30T02:13:08.607Z", "rating": 10}}, {"model": "culture.progress", "pk": 3, "fields": {"user": 329013111, "route": 2, "stage": 17, "started_at": "2023-08-30T02:22:53.548Z", "finished_at": "2023-08-30T02:29:12.597Z", "rating": 10}}, {"model": "culture.progress", "pk": 4, "fields": {"user": 329013111, "route": 3, "stage": 28, "started_at": "2023-08-30T02:30:49.692Z", "finished_at": "2023-08-30T02:46:31.786Z", "rating": 9}}, {"model": "culture.progress", "pk": 5, "fields": {"user": 279987360, "route": 1, "stage": 10, "started_at": "2023-08-30T07:01:06.012Z", "finished_at": "2023-08-30T07:09:17.056Z", "rating": 10}}, {"model": "culture.progress", "pk": 6, "fields": {"user": 279987360, "route": 2, "stage": 12, "started_at": "2023-08-30T07:46:58.194Z", "finished_at": null, "rating": null}}, {"model": "culture.progress", "pk": 7, "fields": {"user": 991627031, "route": 2, "stage": 13, "started_at": "2023-08-30T11:06:57.971Z", "finished_at": null, "rating": null}}, {"model": "culture.progress", "pk": 8, "fields": {"user": 279987360, "route": 1, "stage": 10, "started_at": "2023-08-30T12:57:39.482Z", "finished_at": null, "rating": null}}, {"model": "culture.progress", "pk": 9, "fields": {"user": 566770665, "route": 1, "stage": 3, "started_at": "2023-08-30T13:10:02.197Z", "finished_at": null, "rating": null}}, {"model": "culture.progress", "pk": 10, "fields": {"user": 1374457334, "route": 1, "stage": 3, "started_at": "2023-08-30T13:10:30.312Z", "finished_at": null, "rating": null}}, {"model": "culture.progress", "pk": 11, "fields": {"user": 1374457334, "route": 1, "stage": 10, "started_at": "2023-08-30T13:14:46.267Z", "finished_at": "2023-08-30T13:22:23.766Z", "rating": 10}}, {"model": "culture.progress", "pk": 12, "fields": {"user": 566770665, "route": 1, "stage": 10, "started_at": "2023-08-30T13:14:49.485Z", "finished_at": "2023-08-30T13:26:08.443Z", "rating": 9}}, {"model": "culture.progress", "pk": 13, "fields": {"user": 566770665, "route": 2, "stage": 16, "started_at": "2023-08-30T13:40:55.366Z", "finished_at": null, "rating": null}}, {"model": "culture.progress", "pk": 14, "fields": {"user": 566770665, "route": 2, "stage": 17, "started_at": "2023-08-30T13:47:57.499Z", "finished_at": "2023-08-30T13:53:37.454Z", "rating": 8}}, {"model": "culture.progress", "pk": 15, "fields": {"user": 566770665, "route": 3, "stage": 28, "started_at": "2023-08-30T13:56:22.018Z", "finished_at": "2023-08-30T14:13:48.204Z", "rating": 9}}, {"model": "culture.progress", "pk": 16, "fields": {"user": 971532335, "route": 1, "stage": 4, "started_at": "2023-08-30T16:19:49.729Z", "finished_at": null, "rating": null}}, {"model": "culture.progress", "pk": 17, "fields": {"user": 362178038, "route": 2, "stage": 12, "started_at": "2023-08-30T16:20:34.688Z", "finished_at": null, "rating": null}}, {"model": "culture.reflection", "pk": 1, "fields": {"user": 329013111, "route": 1, "stage": 3, "created_at": "2023-08-30T02:04:26.615Z", "question": "Предлагаем Вам остановиться перед работой Алексея и внимательно осмотреть элементы, из которых она состоит. Какие формы Вы видите? Какие объекты или предметы можете угадать?", "answer": "Всякие", "voice": null}}, {"model": "culture.reflection", "pk": 2, "fields": {"user": 329013111, "route": 1, "stage": 3, "created_at": "2023-08-30T02:04:55.268Z", "question": "Знаете ли Вы что такое тэг? Замечали подобные непонятные надписи на улицах города?", "answer": "Нет", "voice": null}}, {"model": "culture.reflection", "pk": 3, "fields": {"user": 329013111, "route": 1, "stage": 4, "created_at": "2023-08-30T02:05:29.863Z", "question": "Вы пройдётесь по улицам, которые с каждым днём все больше и больше обрастают граффити и тэгами. Присмотритесь по пути к их местам появления. Что это за постройки или объекты? Не торопитесь с ответом.", "answer": "", "voice": "3b8a356e-c803-41ed-8a9b-6ff76b284c9f+30.08.2023_02-05-26.mp3"}}, {"model": "culture.reflection", "pk": 4, "fields": {"user": 329013111, "route": 1, "stage": 5, "created_at": "2023-08-30T02:07:05.347Z", "question": "Как думаете, как на этой парковке появился человек с собакой? Кто они? Откуда идут?", "answer": "", "voice": "cf14208f-eb8d-4ff1-86fc-ef7bd7859318+30.08.2023_02-07-04.mp3"}}, {"model": "culture.reflection", "pk": 5, "fields": {"user": 329013111, "route": 1, "stage": 6, "created_at": "2023-08-30T02:08:08.835Z", "question": "Вчитайтесь в текст «жизнь всегда происходит сейчас». Какие эмоции он в Вас пробуждает? На какие мысли наталкивает?", "answer": "Тягостные", "voice": null}}, {"model": "culture.reflection", "pk": 6, "fields": {"user": 329013111, "route": 1, "stage": 10, "created_at": "2023-08-30T02:13:08.515Z", "question": "Как думаете, что означает AC? Видели ли Вы их ранее на нашем маршруте, но в иных формах начертания?", "answer": "Тэг", "voice": null}}, {"model": "culture.reflection", "pk": 7, "fields": {"user": 329013111, "route": 2, "stage": 12, "created_at": "2023-08-30T02:23:39.765Z", "question": "Вы оказались на улице Темерницкой, напротив небольшого здания. Посмотрите вокруг на архитектурный ландшафт. Какие замечаете здания?", "answer": "", "voice": "d814d3ae-59dc-43bf-a1c3-67c9da5e77e0+30.08.2023_02-23-39.mp3"}}, {"model": "culture.reflection", "pk": 8, "fields": {"user": 329013111, "route": 2, "stage": 13, "created_at": "2023-08-30T02:24:45.047Z", "question": "Улица Темерницкая в последнее время сильно обрастает уличным искусством – трансформаторная будка сейчас изображает атрибуты хоккея, а на стенах общественного пространства «Фактура» расположились крупные муралы от фестиваля «Про Любовь». Посмотрите вокруг. Как уличное искусство изменяет визуальный ландшафт улицы? Изменяет ли?", "answer": "", "voice": "75737e22-a032-4459-805f-518864c92acc+30.08.2023_02-24-44.mp3"}}, {"model": "culture.reflection", "pk": 9, "fields": {"user": 329013111, "route": 2, "stage": 14, "created_at": "2023-08-30T02:26:18.211Z", "question": "Посмотрите на уличную работу с красивыми девушками с цветами. Как думаете как они появились? Почему?", "answer": "Покачану", "voice": null}}, {"model": "culture.reflection", "pk": 10, "fields": {"user": 329013111, "route": 2, "stage": 15, "created_at": "2023-08-30T02:27:16.176Z", "question": "От рынка и обросшего новыми визуальными смыслами места мы попали на улицу пока ещё обветшалую. Как вы ощущаете себя в этом пространстве?", "answer": "", "voice": "837786fb-7d34-4154-9ffa-3c49d0ad313d+30.08.2023_02-27-15.mp3"}}, {"model": "culture.reflection", "pk": 11, "fields": {"user": 329013111, "route": 2, "stage": 17, "created_at": "2023-08-30T02:29:12.507Z", "question": "Какие ощущения Вы испытываете, оказываясь в столь заброшенном, но обросшем уличным искусством пространстве?", "answer": "", "voice": "b5c8efba-0402-4158-bfb5-f3268551d447+30.08.2023_02-29-12.mp3"}}, {"model": "culture.reflection", "pk": 12, "fields": {"user": 329013111, "route": 3, "stage": 20, "created_at": "2023-08-30T02:37:45.771Z", "question": "После остатков работы Дмитрия Ламонова, черно-белая работа Ильи Мозги, нарушает серость этого элемента. Как думаете о чем она? Какие ощущения в вас вызывает?", "answer": "Всякие", "voice": null}}, {"model": "culture.reflection", "pk": 13, "fields": {"user": 329013111, "route": 3, "stage": 21, "created_at": "2023-08-30T02:39:00.051Z", "question": "Как думаете, как именно взаимодействует с местностью Максим Има в этой работе?", "answer": "", "voice": "c73a1e45-2805-4e63-bde3-fa93cf320c11+30.08.2023_02-38-59.mp3"}}, {"model": "culture.reflection", "pk": 14, "fields": {"user": 329013111, "route": 3, "stage": 22, "created_at": "2023-08-30T02:39:47.296Z", "question": "Попробуйте повзаимодействовать с этой работой! Как думаете почему фраза написана зеркальным способом?", "answer": "Телефон", "voice": null}}, {"model": "culture.reflection", "pk": 15, "fields": {"user": 329013111, "route": 3, "stage": 23, "created_at": "2023-08-30T02:41:21.956Z", "question": "Какие ещё детали цепляют Ваше внимание?", "answer": "Никакие", "voice": null}}, {"model": "culture.reflection", "pk": 16, "fields": {"user": 329013111, "route": 3, "stage": 25, "created_at": "2023-08-30T02:42:26.839Z", "question": "Как вам ирония художника?", "answer": "Ропрлр", "voice": null}}, {"model": "culture.reflection", "pk": 17, "fields": {"user": 329013111, "route": 3, "stage": 27, "created_at": "2023-08-30T02:45:37.149Z", "question": "Что Вы видите на работе Вадима Слуфа «Взрослость»? Как думаете, что это за персонаж перед нами? Какая у него история? Почему он вдруг оказался на резиновой утке?", "answer": "Грибы", "voice": null}}, {"model": "culture.reflection", "pk": 18, "fields": {"user": 329013111, "route": 3, "stage": 28, "created_at": "2023-08-30T02:46:31.778Z", "question": "А чего вам не хватает в городском пространстве?", "answer": "Шевченко", "voice": null}}, {"model": "culture.reflection", "pk": 19, "fields": {"user": 279987360, "route": 1, "stage": 3, "created_at": "2023-08-30T07:02:37.436Z", "question": "Предлагаем Вам остановиться перед работой Алексея и внимательно осмотреть элементы, из которых она состоит. Какие формы Вы видите? Какие объекты или предметы можете угадать?", "answer": "👍🏼", "voice": null}}, {"model": "culture.reflection", "pk": 20, "fields": {"user": 279987360, "route": 1, "stage": 3, "created_at": "2023-08-30T07:03:21.269Z", "question": "Знаете ли Вы что такое тэг? Замечали подобные непонятные надписи на улицах города?", "answer": "не знаю", "voice": null}}, {"model": "culture.reflection", "pk": 21, "fields": {"user": 279987360, "route": 1, "stage": 4, "created_at": "2023-08-30T07:04:24.197Z", "question": "Вы пройдётесь по улицам, которые с каждым днём все больше и больше обрастают граффити и тэгами. Присмотритесь по пути к их местам появления. Что это за постройки или объекты? Не торопитесь с ответом.", "answer": "заборы", "voice": null}}, {"model": "culture.reflection", "pk": 22, "fields": {"user": 279987360, "route": 1, "stage": 5, "created_at": "2023-08-30T07:05:56.570Z", "question": "Как думаете, как на этой парковке появился человек с собакой? Кто они? Откуда идут?", "answer": "Домой", "voice": null}}, {"model": "culture.reflection", "pk": 23, "fields": {"user": 279987360, "route": 1, "stage": 6, "created_at": "2023-08-30T07:06:52.609Z", "question": "Вчитайтесь в текст «жизнь всегда происходит сейчас». Какие эмоции он в Вас пробуждает? На какие мысли наталкивает?", "answer": "Заставляет задуматься", "voice": null}}, {"model": "culture.reflection", "pk": 24, "fields": {"user": 279987360, "route": 1, "stage": 10, "created_at": "2023-08-30T07:09:16.390Z", "question": "Как думаете, что означает AC? Видели ли Вы их ранее на нашем маршруте, но в иных формах начертания?", "answer": "да", "voice": null}}, {"model": "culture.reflection", "pk": 25, "fields": {"user": 991627031, "route": 2, "stage": 12, "created_at": "2023-08-30T11:09:03.588Z", "question": "Вы оказались на улице Темерницкой, напротив небольшого здания. Посмотрите вокруг на архитектурный ландшафт. Какие замечаете здания?", "answer": "большие", "voice": null}}, {"model": "culture.reflection", "pk": 26, "fields": {"user": 279987360, "route": 1, "stage": 3, "created_at": "2023-08-30T12:59:12.481Z", "question": "Предлагаем Вам остановиться перед работой Алексея и внимательно осмотреть элементы, из которых она состоит. Какие формы Вы видите? Какие объекты или предметы можете угадать?", "answer": "Круто!", "voice": null}}, {"model": "culture.reflection", "pk": 27, "fields": {"user": 279987360, "route": 1, "stage": 3, "created_at": "2023-08-30T12:59:46.168Z", "question": "Знаете ли Вы что такое тэг? Замечали подобные непонятные надписи на улицах города?", "answer": "замечал", "voice": null}}, {"model": "culture.reflection", "pk": 28, "fields": {"user": 279987360, "route": 1, "stage": 4, "created_at": "2023-08-30T13:00:22.191Z", "question": "Вы пройдётесь по улицам, которые с каждым днём все больше и больше обрастают граффити и тэгами. Присмотритесь по пути к их местам появления. Что это за постройки или объекты? Не торопитесь с ответом.", "answer": "заборы", "voice": null}}, {"model": "culture.reflection", "pk": 29, "fields": {"user": 279987360, "route": 1, "stage": 5, "created_at": "2023-08-30T13:01:37.066Z", "question": "Как думаете, как на этой парковке появился человек с собакой? Кто они? Откуда идут?", "answer": "домой", "voice": null}}, {"model": "culture.reflection", "pk": 30, "fields": {"user": 279987360, "route": 1, "stage": 6, "created_at": "2023-08-30T13:02:27.883Z", "question": "Вчитайтесь в текст «жизнь всегда происходит сейчас». Какие эмоции он в Вас пробуждает? На какие мысли наталкивает?", "answer": "Заставляет задуматься", "voice": null}}, {"model": "culture.reflection", "pk": 31, "fields": {"user": 566770665, "route": 1, "stage": 3, "created_at": "2023-08-30T13:12:10.389Z", "question": "Предлагаем Вам остановиться перед работой Алексея и внимательно осмотреть элементы, из которых она состоит. Какие формы Вы видите? Какие объекты или предметы можете угадать?", "answer": "Ррр", "voice": null}}, {"model": "culture.reflection", "pk": 32, "fields": {"user": 1374457334, "route": 1, "stage": 3, "created_at": "2023-08-30T13:16:23.330Z", "question": "Предлагаем Вам остановиться перед работой Алексея и внимательно осмотреть элементы, из которых она состоит. Какие формы Вы видите? Какие объекты или предметы можете угадать?", "answer": "Красивые", "voice": null}}, {"model": "culture.reflection", "pk": 33, "fields": {"user": 566770665, "route": 1, "stage": 3, "created_at": "2023-08-30T13:16:33.441Z", "question": "Предлагаем Вам остановиться перед работой Алексея и внимательно осмотреть элементы, из которых она состоит. Какие формы Вы видите? Какие объекты или предметы можете угадать?", "answer": "Ночь. Улица. Фонарь.", "voice": null}}, {"model": "culture.reflection", "pk": 34, "fields": {"user": 1374457334, "route": 1, "stage": 3, "created_at": "2023-08-30T13:16:54.443Z", "question": "Знаете ли Вы что такое тэг? Замечали подобные непонятные надписи на улицах города?", "answer": "Замечал", "voice": null}}, {"model": "culture.reflection", "pk": 35, "fields": {"user": 566770665, "route": 1, "stage": 3, "created_at": "2023-08-30T13:17:14.132Z", "question": "Знаете ли Вы что такое тэг? Замечали подобные непонятные надписи на улицах города?", "answer": "Да", "voice": null}}, {"model": "culture.reflection", "pk": 36, "fields": {"user": 1374457334, "route": 1, "stage": 4, "created_at": "2023-08-30T13:17:24.020Z", "question": "Вы пройдётесь по улицам, которые с каждым днём все больше и больше обрастают граффити и тэгами. Присмотритесь по пути к их местам появления. Что это за постройки или объекты? Не торопитесь с ответом.", "answer": "заборы", "voice": null}}, {"model": "culture.reflection", "pk": 37, "fields": {"user": 566770665, "route": 1, "stage": 4, "created_at": "2023-08-30T13:18:13.381Z", "question": "Вы пройдётесь по улицам, которые с каждым днём все больше и больше обрастают граффити и тэгами. Присмотритесь по пути к их местам появления. Что это за постройки или объекты? Не торопитесь с ответом.", "answer": "", "voice": "8ec2ff28-2475-43a6-8a07-4fd9d4db3fff+30.08.2023_13-18-13.mp3"}}, {"model": "culture.reflection", "pk": 38, "fields": {"user": 1374457334, "route": 1, "stage": 5, "created_at": "2023-08-30T13:19:09.942Z", "question": "Как думаете, как на этой парковке появился человек с собакой? Кто они? Откуда идут?", "answer": "домой", "voice": null}}, {"model": "culture.reflection", "pk": 39, "fields": {"user": 1374457334, "route": 1, "stage": 6, "created_at": "2023-08-30T13:20:10.022Z", "question": "Вчитайтесь в текст «жизнь всегда происходит сейчас». Какие эмоции он в Вас пробуждает? На какие мысли наталкивает?", "answer": "Заставляет задуматься", "voice": null}}, {"model": "culture.reflection", "pk": 40, "fields": {"user": 566770665, "route": 1, "stage": 5, "created_at": "2023-08-30T13:20:11.896Z", "question": "Как думаете, как на этой парковке появился человек с собакой? Кто они? Откуда идут?", "answer": "Местные жители", "voice": null}}, {"model": "culture.reflection", "pk": 41, "fields": {"user": 566770665, "route": 1, "stage": 6, "created_at": "2023-08-30T13:21:39.912Z", "question": "Вчитайтесь в текст «жизнь всегда происходит сейчас». Какие эмоции он в Вас пробуждает? На какие мысли наталкивает?", "answer": "Жить сегодняшним днём.", "voice": null}}, {"model": "culture.reflection", "pk": 42, "fields": {"user": 1374457334, "route": 1, "stage": 10, "created_at": "2023-08-30T13:22:23.467Z", "question": "Как думаете, что означает AC? Видели ли Вы их ранее на нашем маршруте, но в иных формах начертания?", "answer": "не видел", "voice": null}}, {"model": "culture.reflection", "pk": 43, "fields": {"user": 566770665, "route": 1, "stage": 10, "created_at": "2023-08-30T13:26:08.227Z", "question": "Как думаете, что означает AC? Видели ли Вы их ранее на нашем маршруте, но в иных формах начертания?", "answer": "Нет, не встречала", "voice": null}}, {"model": "culture.reflection", "pk": 44, "fields": {"user": 566770665, "route": 2, "stage": 12, "created_at": "2023-08-30T13:41:52.051Z", "question": "Вы оказались на улице Темерницкой, напротив небольшого здания. Посмотрите вокруг на архитектурный ландшафт. Какие замечаете здания?", "answer": "Собор", "voice": null}}, {"model": "culture.reflection", "pk": 45, "fields": {"user": 566770665, "route": 2, "stage": 13, "created_at": "2023-08-30T13:43:00.792Z", "question": "Улица Темерницкая в последнее время сильно обрастает уличным искусством – трансформаторная будка сейчас изображает атрибуты хоккея, а на стенах общественного пространства «Фактура» расположились крупные муралы от фестиваля «Про Любовь». Посмотрите вокруг. Как уличное искусство изменяет визуальный ландшафт улицы? Изменяет ли?", "answer": "Нет", "voice": null}}, {"model": "culture.reflection", "pk": 46, "fields": {"user": 566770665, "route": 2, "stage": 14, "created_at": "2023-08-30T13:44:15.755Z", "question": "Посмотрите на уличную работу с красивыми девушками с цветами. Как думаете как они появились? Почему?", "answer": "Собирательный образ ростовчанки", "voice": null}}, {"model": "culture.reflection", "pk": 47, "fields": {"user": 566770665, "route": 2, "stage": 15, "created_at": "2023-08-30T13:45:05.302Z", "question": "От рынка и обросшего новыми визуальными смыслами места мы попали на улицу пока ещё обветшалую. Как вы ощущаете себя в этом пространстве?", "answer": "Пустота внутри и снаружи", "voice": null}}, {"model": "culture.reflection", "pk": 48, "fields": {"user": 566770665, "route": 2, "stage": 12, "created_at": "2023-08-30T13:48:41.255Z", "question": "Вы оказались на улице Темерницкой, напротив небольшого здания. Посмотрите вокруг на архитектурный ландшафт. Какие замечаете здания?", "answer": "Собор", "voice": null}}, {"model": "culture.reflection", "pk": 49, "fields": {"user": 566770665, "route": 2, "stage": 13, "created_at": "2023-08-30T13:49:53.603Z", "question": "Улица Темерницкая в последнее время сильно обрастает уличным искусством – трансформаторная будка сейчас изображает атрибуты хоккея, а на стенах общественного пространства «Фактура» расположились крупные муралы от фестиваля «Про Любовь». Посмотрите вокруг. Как уличное искусство изменяет визуальный ландшафт улицы? Изменяет ли?", "answer": "Нет", "voice": null}}, {"model": "culture.reflection", "pk": 50, "fields": {"user": 566770665, "route": 2, "stage": 14, "created_at": "2023-08-30T13:50:39.681Z", "question": "Посмотрите на уличную работу с красивыми девушками с цветами. Как думаете как они появились? Почему?", "answer": "Собирательный образ ростовчанки", "voice": null}}, {"model": "culture.reflection", "pk": 51, "fields": {"user": 566770665, "route": 2, "stage": 15, "created_at": "2023-08-30T13:51:10.710Z", "question": "От рынка и обросшего новыми визуальными смыслами места мы попали на улицу пока ещё обветшалую. Как вы ощущаете себя в этом пространстве?", "answer": "Умиротворенно", "voice": null}}, {"model": "culture.reflection", "pk": 52, "fields": {"user": 566770665, "route": 2, "stage": 17, "created_at": "2023-08-30T13:53:37.153Z", "question": "Какие ощущения Вы испытываете, оказываясь в столь заброшенном, но обросшем уличным искусством пространстве?", "answer": "Обреченность", "voice": null}}, {"model": "culture.reflection", "pk": 53, "fields": {"user": 566770665, "route": 3, "stage": 20, "created_at": "2023-08-30T14:00:51.697Z", "question": "После остатков работы Дмитрия Ламонова, черно-белая работа Ильи Мозги, нарушает серость этого элемента. Как думаете о чем она? Какие ощущения в вас вызывает?", "answer": "Река. Бесконечность.", "voice": null}}, {"model": "culture.reflection", "pk": 54, "fields": {"user": 566770665, "route": 3, "stage": 21, "created_at": "2023-08-30T14:02:59.974Z", "question": "Как думаете, как именно взаимодействует с местностью Максим Има в этой работе?", "answer": "Слияние с природой", "voice": null}}, {"model": "culture.reflection", "pk": 55, "fields": {"user": 566770665, "route": 3, "stage": 22, "created_at": "2023-08-30T14:03:50.879Z", "question": "Попробуйте повзаимодействовать с этой работой! Как думаете почему фраза написана зеркальным способом?", "answer": "Маскировка. Запрет", "voice": null}}, {"model": "culture.reflection", "pk": 56, "fields": {"user": 566770665, "route": 3, "stage": 23, "created_at": "2023-08-30T14:05:11.265Z", "question": "Какие ещё детали цепляют Ваше внимание?", "answer": "-", "voice": null}}, {"model": "culture.reflection", "pk": 57, "fields": {"user": 566770665, "route": 3, "stage": 25, "created_at": "2023-08-30T14:08:26.774Z", "question": "Как вам ирония художника?", "answer": "Неплохо", "voice": null}}, {"model": "culture.reflection", "pk": 58, "fields": {"user": 566770665, "route": 3, "stage": 27, "created_at": "2023-08-30T14:12:19.768Z", "question": "Что Вы видите на работе Вадима Слуфа «Взрослость»? Как думаете, что это за персонаж перед нами? Какая у него история? Почему он вдруг оказался на резиновой утке?", "answer": "Внутреннего ребёнка прокачал", "voice": null}}, {"model": "culture.reflection", "pk": 59, "fields": {"user": 566770665, "route": 3, "stage": 28, "created_at": "2023-08-30T14:13:48.197Z", "question": "А чего вам не хватает в городском пространстве?", "answer": "Пространства", "voice": null}}, {"model": "culture.reflection", "pk": 60, "fields": {"user": 971532335, "route": 1, "stage": 3, "created_at": "2023-08-30T16:22:09.684Z", "question": "Предлагаем Вам остановиться перед работой Алексея и внимательно осмотреть элементы, из которых она состоит. Какие формы Вы видите? Какие объекты или предметы можете угадать?", "answer": "Колесо обозрения", "voice": null}}, {"model": "culture.reflection", "pk": 61, "fields": {"user": 971532335, "route": 1, "stage": 3, "created_at": "2023-08-30T16:22:55.010Z", "question": "Знаете ли Вы что такое тэг? Замечали подобные непонятные надписи на улицах города?", "answer": "Да", "voice": null}}]